ID,ON_TIME_AND_COMPLETE
11,1
19,1
20,1
23,1
24,1
32,1
33,1
36,1
37,0
39,1
44,1
46,1
49,0
59,1
68,0
79,0
83,1
88,1
91,1
96,1
97,1
98,0
109,0
115,1
118,0
121,1
125,0
138,0
147,1
148,0
153,1
156,0
157,0
164,1
165,1
170,0
171,0
178,0
180,1
183,0
184,1
204,1
209,1
210,1
211,1
223,0
225,0
226,0
230,0
231,0
234,0
239,0
243,1
255,1
259,1
260,1
271,1
285,0
286,0
294,1
295,1
301,0
308,1
310,1
312,0
313,1
318,0
325,0
329,0
336,1
339,0
341,0
344,1
368,0
395,1
397,0
399,0
401,0
403,1
407,1
408,1
423,1
431,0
435,0
439,0
440,0
442,1
446,0
453,0
455,0
460,1
461,0
465,0
474,0
478,1
483,1
490,0
491,0
492,1
494,1
495,1
499,0
504,0
506,0
508,1
514,1
515,0
520,0
521,0
524,0
526,0
527,0
549,1
550,1
553,1
555,0
556,1
557,1
563,1
572,0
574,1
589,0
600,1
603,0
605,0
621,0
626,1
635,1
642,0
655,1
657,1
664,0
671,1
672,1
677,0
679,1
683,1
684,1
689,1
690,1
695,0
703,0
707,0
713,0
716,0
720,0
721,0
724,0
728,0
734,0
736,1
738,0
740,0
743,0
751,1
756,0
761,0
764,0
777,1
795,1
798,1
801,0
802,0
810,0
813,0
817,0
821,1
825,0
828,1
829,0
835,1
842,1
843,1
847,1
858,1
859,1
865,1
867,1
869,1
879,1
887,1
889,0
893,0
895,0
898,0
900,0
903,0
904,1
911,0
928,1
933,1
937,0
938,1
939,0
948,0
955,1
957,0
959,1
961,0
964,0
977,1
985,0
991,1
995,1
996,1
997,1
1006,1
1008,0
1012,1
1015,0
1016,1
1017,0
1018,1
1020,0
1025,0
1026,1
1030,1
1033,1
1035,0
1036,1
1037,0
1046,0
1062,1
1064,1
1066,1
1071,0
1074,0
1094,0
1095,0
1098,1
1114,0
1118,1
1119,0
1126,0
1130,1
1136,0
1142,0
1143,0
1144,1
1153,0
1155,1
1166,0
1171,0
1179,0
1181,1
1201,0
1207,0
1208,1
1210,0
1211,0
1213,0
1216,0
1218,0
1225,0
1227,1
1234,0
1239,1
1244,1
1249,1
1278,1
1282,0
1283,0
1294,1
1299,1
1315,0
1320,1
1322,1
1327,0
1332,0
1333,1
1334,1
1343,1
1345,0
1351,1
1352,0
1355,1
1357,1
1362,1
1364,0
1369,1
1372,1
1376,0
1384,1
1390,0
1394,0
1411,0
1413,1
1418,1
1423,0
1424,0
1428,0
1431,1
1432,0
1433,1
1437,1
1442,0
1443,1
1447,1
1460,0
1467,0
1485,0
1495,0
1522,1
1527,0
1528,0
1535,0
1538,1
1545,0
1550,0
1555,1
1559,1
1560,0
1564,1
1569,1
1580,1
1583,0
1585,1
1589,1
1593,1
1601,1
1602,1
1604,1
1608,1
1622,1
1625,0
1637,1
1638,1
1640,0
1642,0
1643,0
1663,0
1680,0
1681,0
1683,1
1688,0
1692,0
1713,1
1722,1
1725,0
1726,1
1730,1
1736,0
1738,0
1745,0
1758,0
1759,0
1761,1
1762,0
1779,1
1783,0
1785,0
1786,1
1791,0
1795,1
1798,0
1805,1
1808,1
1813,1
1816,0
1821,1
1825,0
1832,1
1847,1
1869,0
1874,0
1877,1
1892,0
1896,0
1897,1
1898,1
1901,0
1908,1
1909,1
1923,0
1925,0
1930,0
1932,1
1937,1
1941,0
1942,1
1948,0
1954,0
1955,1
1956,0
1963,0
1970,0
1974,0
1979,1
1981,0
1989,1
1993,0
1996,0
2002,0
2005,1
2007,1
2011,0
2020,0
2025,0
2033,1
2035,1
2042,0
2045,1
2055,0
2056,1
2057,0
2062,1
2064,0
2065,1
2075,0
2077,1
2079,0
2088,0
2092,1
2094,0
2104,0
2105,0
2109,0
2111,0
2113,0
2115,0
2116,0
2122,1
2137,1
2143,1
2151,0
2154,0
2156,0
2166,1
2173,0
2180,0
2185,0
2186,1
2187,1
2199,1
2204,0
2208,1
2209,0
2210,0
2232,1
2236,1
2247,0
2265,0
2266,0
2267,1
2270,1
2272,0
2302,0
2307,1
2311,0
2314,0
2323,0
2330,0
2334,1
2343,0
2358,0
2363,1
2367,1
2382,1
2386,1
2390,0
2391,0
2401,0
2408,1
2416,0
2423,1
2431,0
2437,1
2440,1
2446,1
2448,1
2449,1
2450,1
2451,1
2459,1
2466,1
2475,1
2479,0
2481,0
2485,1
2490,1
2493,0
2507,0
2509,1
2511,0
2520,0
2523,1
2533,0
2537,0
2562,1
2568,1
2571,1
2572,1
2578,0
2587,0
2589,0
2596,0
2604,1
2617,0
2629,1
2634,1
2639,1
2640,0
2648,0
2652,1
2660,0
2663,0
2668,1
2674,0
2677,0
2678,1
2679,0
2686,1
2689,1
2692,1
2695,0
2698,1
2711,1
2713,1
2719,0
2720,0
2727,0
2728,1
2733,1
2746,0
2752,0
2755,0
2758,1
2761,1
2768,1
2769,1
2778,1
2779,1
2780,1
2796,0
2798,0
2802,1
2806,0
2814,1
2815,0
2816,1
2819,1
2821,1
2822,0
2823,1
2831,0
2833,1
2836,0
2841,0
2842,0
2855,1
2865,0
2869,0
2874,0
2878,1
2882,1
2883,1
2891,0
2893,0
2896,0
2897,1
2903,0
2912,0
2916,0
2942,0
2946,1
2947,0
2948,1
2958,1
2963,1
2970,0
2971,1
2972,0
2973,0
2999,0
3006,0
3014,1
3018,0
3030,1
3031,0
3033,0
3042,1
3043,0
3047,0
3049,1
3050,1
3056,0
3059,1
3064,0
3076,0
3077,0
3087,1
3088,1
3092,1
3095,0
3113,1
3115,0
3117,0
3120,0
3126,0
3128,0
3139,1
3141,0
3143,0
3146,0
3148,1
3150,1
3153,1
3154,1
3156,1
3161,1
3164,1
3172,0
3186,0
3188,1
3190,1
3192,1
3206,0
3210,0
3212,1
3213,0
3238,1
3240,0
3254,0
3256,0
3259,1
3265,0
3266,0
3274,1
3276,1
3281,1
3283,1
3291,0
3292,0
3308,0
3310,1
3311,0
3314,0
3316,1
3334,0
3336,0
3337,0
3346,0
3348,1
3353,0
3356,1
3357,0
3373,0
3378,0
3379,1
3392,1
3393,0
3395,1
3396,1
3398,0
3406,0
3426,0
3428,1
3435,0
3436,1
3439,0
3440,0
3449,0
3464,1
3465,1
3467,0
3468,0
3472,1
3474,1
3477,1
3479,1
3482,1
3486,1
3487,0
3490,1
3491,0
3502,1
3508,0
3511,0
3514,1
3521,0
3527,1
3536,1
3541,0
3567,0
3569,0
3571,1
3575,1
3581,0
3619,0
3623,1
3627,1
3631,1
3634,0
3638,1
3639,1
3643,0
3648,1
3649,0
3660,1
3664,1
3671,1
3672,1
3683,1
3684,0
3688,0
3691,1
3699,1
3713,0
3730,0
3734,1
3737,0
3742,0
3745,0
3750,0
3754,0
3761,0
3765,1
3767,0
3768,0
3776,1
3784,0
3790,1
3792,1
3801,1
3802,1
3808,1
3816,0
3817,1
3819,0
3820,1
3837,0
3863,1
3864,0
3866,0
3874,1
3875,1
3888,0
3901,0
3912,1
3919,1
3922,0
3924,0
3927,0
3943,0
3950,0
3959,1
3966,0
3971,0
3976,0
3986,0
3988,0
4003,1
4008,1
4014,0
4028,0
4035,1
4038,0
4041,0
4053,1
4056,0
4057,0
4060,1
4062,1
4078,0
4079,0
4082,0
4091,1
4094,0
4106,1
4107,1
4110,1
4118,1
4121,0
4144,0
4154,0
4162,1
4168,0
4173,1
4184,1
4189,0
4195,0
4196,1
4198,1
4202,0
4206,1
4207,0
4214,1
4220,0
4222,1
4224,1
4225,1
4230,0
4235,1
4239,0
4244,1
4245,1
4247,0
4255,0
4257,0
4280,1
4287,0
4294,1
4295,0
4298,0
4306,0
4330,0
4331,1
4339,0
4350,1
4356,0
4359,1
4370,0
4372,0
4379,1
4408,0
4419,0
4421,1
4422,0
4426,1
4431,1
4435,1
4437,1
4459,1
4461,1
4463,1
4464,1
4466,1
4472,1
4484,1
4493,0
4495,1
4500,0
4524,1
4530,0
4531,1
4545,1
4548,1
4552,0
4556,0
4561,1
4568,1
4572,1
4576,0
4586,1
4587,0
4605,0
4609,1
4615,1
4623,0
4637,0
4643,1
4652,1
4660,0
4664,1
4666,1
4678,1
4684,1
4687,0
4692,1
4698,1
4706,0
4708,1
4719,0
4722,0
4724,0
4727,1
4732,0
4734,0
4738,1
4744,1
4753,0
4754,0
4756,1
4766,1
4777,0
4782,1
4785,0
4787,1
4795,1
4806,0
4810,0
4811,1
4814,1
4815,0
4828,0
4829,1
4831,0
4833,1
4835,0
4837,0
4843,0
4844,0
4845,0
4847,1
4849,1
4863,1
4873,1
4880,1
4885,0
4890,0
4898,1
4900,1
4903,1
4906,0
4910,1
4915,1
4918,0
4922,0
4923,1
4931,0
4933,0
4941,0
4942,0
4945,1
4948,1
4961,0
4965,1
4968,1
4970,0
4974,0
4975,1
4976,0
4979,0
4986,1
4991,1
4992,0
4997,0
4998,1
5000,0
5006,1
5010,1
5020,0
5027,0
5030,0
5035,0
5040,0
5048,0
5049,0
5050,1
5051,0
5059,0
5062,1
5063,0
5064,0
5068,0
5070,1
5075,0
5076,0
5079,1
5080,0
5086,0
5089,0
5097,0
5099,0
5107,1
5110,1
5131,0
5133,0
5134,1
5139,1
5158,0
5165,0
5186,1
5190,1
5192,0
5193,1
5200,0
5204,0
5205,1
5207,0
5209,0
5224,1
5231,0
5232,1
5233,1
5242,1
5247,1
5260,1
5261,0
5262,0
5268,0
5271,0
5284,1
5290,0
5295,1
5302,1
5303,0
5305,0
5307,0
5308,0
5313,0
5320,0
5327,0
5337,0
5339,1
5340,1
5341,0
5342,1
5345,0
5347,1
5349,0
5358,0
5365,1
5369,1
5408,1
5416,0
5419,0
5420,0
5435,0
5458,0
5459,1
5481,0
5488,0
5490,0
5506,0
5513,0
5522,0
5525,0
5526,0
5529,1
5537,1
5547,0
5568,1
5575,0
5578,1
5579,0
5583,1
5591,1
5596,1
5600,1
5605,0
5609,0
5611,1
5614,1
5617,0
5623,1
5627,0
5629,1
5634,0
5635,1
5637,1
5643,1
5645,0
5653,0
5661,0
5663,0
5667,0
5668,0
5672,1
5677,0
5679,0
5681,0
5682,1
5688,1
5689,0
5696,0
5697,0
5703,0
5719,1
5721,1
5730,1
5738,1
5747,1
5752,1
5757,1
5758,1
5762,0
5773,0
5775,0
5777,0
5783,0
5797,1
5801,1
5802,0
5803,0
5813,0
5822,0
5823,0
5830,0
5831,0
5833,0
5843,0
5848,0
5862,0
5867,1
5871,0
5872,0
5879,0
5882,0
5886,0
5891,0
5892,1
5899,0
5903,1
5907,1
5910,1
5914,1
5915,0
5921,1
5923,0
5924,0
5930,1
5936,0
5938,0
5943,0
5946,1
5954,1
5958,1
5960,1
5961,0
5967,1
5977,1
5986,0
5988,1
5991,1
6001,1
6005,0
6007,0
6011,0
6012,0
6017,1
6018,1
6019,1
6022,0
6025,1
6037,1
6047,0
6050,0
6060,1
6061,0
6069,1
6076,0
6081,0
6096,1
6099,1
6100,1
6105,1
6110,1
6111,0
6116,0
6118,0
6122,0
6125,0
6127,0
6130,0
6141,0
6152,0
6156,1
6158,1
6163,1
6169,1
6185,1
6190,1
6197,1
6199,1
6211,0
6212,1
6213,1
6220,1
6227,1
6230,0
6231,1
6242,0
6243,1
6249,0
6252,0
6261,0
6267,1
6276,1
6285,0
6295,0
6299,1
6303,1
6304,0
6308,1
6315,0
6340,0
6341,0
6343,1
6350,1
6353,1
6355,0
6362,0
6367,1
6376,0
6380,1
6382,1
6389,1
6390,1
6403,0
6405,0
6406,0
6412,0
6417,0
6430,1
6431,1
6432,0
6447,1
6448,0
6450,1
6457,1
6458,1
6470,1
6473,1
6474,0
6480,1
6495,1
6496,1
6501,1
6509,0
6520,1
6526,1
6529,1
6537,1
6538,0
6542,0
6545,0
6552,0
6556,1
6558,1
6567,1
6574,1
6583,1
6588,1
6592,0
6603,1
6610,1
6612,0
6623,1
6629,1
6634,1
6635,1
6639,1
6646,0
6647,0
6650,1
6659,0
6667,1
6673,1
6676,0
6677,1
6687,0
6688,0
6689,1
6694,1
6695,0
6704,1
6707,0
6709,1
6722,1
6736,0
6737,0
6739,0
6745,1
6751,1
6756,1
6759,1
6764,1
6765,0
6767,0
6772,0
6780,0
6781,1
6784,1
6786,0
6803,0
6804,0
6812,0
6816,1
6822,0
6823,0
6832,1
6845,0
6848,1
6849,0
6851,1
6855,0
6863,1
6875,0
6876,1
6885,1
6889,0
6890,1
6893,0
6910,1
6914,1
6915,1
6919,1
6920,1
6935,1
6943,0
6946,0
6950,1
6951,0
6953,1
6954,1
6956,0
6972,1
6991,0
6995,0
6997,0
7000,1
7002,1
7010,0
7018,0
7020,0
7031,1
7043,1
7055,1
7056,1
7064,1
7082,1
7091,1
7096,0
7098,0
7105,1
7118,1
7122,1
7125,1
7133,1
7166,0
7172,0
7174,1
7178,0
7184,0
7186,0
7190,0
7191,1
7196,1
7197,1
7198,0
7199,0
7212,1
7216,0
7222,1
7223,1
7229,1
7230,0
7233,0
7235,1
7239,0
7254,1
7255,0
7256,1
7259,0
7273,0
7285,0
7297,1
7302,0
7305,1
7308,1
7317,0
7322,1
7333,1
7335,1
7346,1
7349,0
7372,1
7383,1
7399,0
7414,1
7422,0
7427,1
7429,1
7440,1
7443,1
7458,0
7459,1
7462,0
7465,1
7473,0
7481,1
7487,0
7492,0
7501,1
7503,0
7505,0
7514,1
7523,1
7527,0
7528,1
7529,1
7534,1
7544,0
7545,0
7547,1
7556,1
7562,0
7568,1
7577,1
7580,1
7583,0
7585,1
7589,1
7590,1
7591,1
7606,1
7614,0
7617,1
7621,0
7637,0
7643,0
7644,1
7645,0
7650,0
7651,0
7656,0
7672,0
7677,1
7680,1
7688,0
7699,0
7706,0
7711,0
7715,0
7727,0
7734,0
7738,1
7751,1
7752,0
7755,1
7760,0
7761,0
7765,0
7766,1
7767,0
7773,0
7785,1
7788,1
7793,0
7807,0
7813,0
7817,0
7824,1
7828,0
7832,0
7834,1
7837,1
7839,0
7840,0
7844,1
7847,0
7848,1
7849,0
7851,0
7863,0
7881,0
7886,0
7891,1
7897,1
7898,0
7899,1
7902,1
7908,0
7936,0
7943,1
7965,1
7981,1
7992,0
7996,1
8003,0
8013,1
8014,0
8024,0
8032,1
8035,0
8036,1
8037,0
8043,0
8044,0
8045,1
8066,1
8077,1
8080,1
8085,1
8086,0
8087,1
8091,0
8092,0
8097,0
8098,1
8100,1
8105,1
8108,1
8114,0
8127,1
8128,1
8131,1
8139,1
8142,1
8144,1
8151,1
8172,1
8174,1
8192,0
8204,1
8217,0
8221,1
8225,1
8235,0
8240,0
8245,0
8248,0
8254,1
8257,0
8267,1
8271,1
8275,1
8277,0
8291,1
8294,1
8302,0
8303,0
8307,0
8308,1
8313,1
8315,0
8351,1
8354,1
8356,1
8358,0
8360,1
8366,0
8375,0
8378,1
8383,1
8393,1
8397,1
8398,0
8400,0
8401,1
8408,1
8409,1
8410,0
8437,1
8448,0
8449,1
8451,0
8464,0
8472,1
8473,0
8478,0
8484,1
8490,1
8503,0
8507,0
8519,1
8524,0
8525,1
8532,1
8556,1
8569,0
8588,1
8590,1
8595,1
8601,1
8613,1
8619,1
8625,1
8635,1
8636,0
8649,1
8661,1
8666,1
8674,1
8686,0
8687,0
8692,1
8698,0
8699,0
8708,1
8710,1
8719,0
8723,0
8729,1
8740,1
8743,0
8745,1
8746,0
8748,1
8749,0
8752,1
8754,0
8756,0
8763,1
8770,1
8782,1
8790,1
8794,1
8799,1
8808,1
8814,0
8817,0
8818,1
8819,1
8821,0
8825,1
8827,0
8829,0
8834,1
8851,1
8855,1
8856,1
8859,0
8879,1
8881,0
8889,1
8891,1
8898,1
8903,0
8904,0
8906,0
8907,0
8915,1
8916,0
8922,1
8926,1
8934,0
8938,1
8941,1
8943,1
8951,1
8956,1
8960,0
8963,0
8964,0
8965,0
8969,1
8974,1
8975,1
8990,1
8991,1
8992,1
9009,1
9011,0
9016,1
9018,1
9019,1
9021,0
9025,0
9029,0
9031,1
9034,0
9036,1
9039,0
9042,0
9047,1
9050,0
9067,1
9083,1
9100,0
9107,1
9123,0
9128,0
9134,0
9138,1
9139,1
9145,0
9157,1
9167,0
9169,0
9174,1
9175,1
9180,0
9188,0
9190,1
9196,0
9198,1
9200,0
9201,0
9204,1
9209,1
9216,1
9235,1
9244,1
9245,1
9247,1
9250,0
9260,0
9268,0
9276,0
9277,1
9285,0
9296,1
9298,1
9306,0
9316,0
9318,1
9321,1
9327,0
9350,1
9357,1
9363,0
9365,0
9369,1
9370,0
9379,1
9380,0
9382,1
9391,0
9403,0
9406,0
9407,0
9409,0
9410,1
9412,1
9413,0
9414,1
9416,0
9419,1
9423,0
9432,1
9440,1
9441,1
9444,0
9451,1
9461,1
9463,0
9466,0
9475,0
9476,0
9480,1
9492,0
9495,1
9515,1
9528,0
9530,1
9534,0
9540,0
9543,1
9544,1
9547,0
9550,0
9554,0
9555,0
9558,0
9563,0
9565,0
9568,1
9571,0
9573,1
9577,1
9580,0
9582,1
9584,1
9585,1
9594,1
9638,0
9645,1
9654,0
9655,1
9661,1
9663,0
9672,1
9673,0
9677,0
9679,0
9688,0
9693,1
9703,1
9705,1
9710,1
9711,0
9712,1
9716,0
9718,0
9721,0
9729,1
9738,1
9739,1
9740,1
9745,0
9751,0
9754,1
9759,0
9760,0
9770,1
9777,1
9778,1
9782,1
9803,1
9804,1
9805,0
9813,1
9814,1
9815,1
9828,0
9833,1
9837,1
9843,0
9853,0
9862,1
9865,0
9868,1
9869,0
9871,0
9872,0
9880,1
9885,1
9892,0
9912,1
9921,1
9922,0
9932,1
9939,1
9943,0
9953,1
9954,1
9955,1
9956,0
9970,0
9978,0
9979,1
9993,1
10003,1
10014,1
10020,0
10026,0
10029,1
10031,1
10032,0
10044,0
10051,1
10053,0
10054,1
10058,0
10059,1
10069,0
10079,1
10086,0
10087,1
10089,0
10090,0
10097,0
10098,0
10102,0
10103,0
10107,1
10109,0
10122,0
10127,1
10131,0
10136,1
10156,0
10164,1
10172,0
10174,1
10178,1
10184,0
10189,1
10206,0
10208,1
10232,0
10239,1
10241,1
10242,0
10247,1
10250,0
10251,1
10268,1
10281,0
10282,1
10284,0
10294,0
10295,1
10300,1
10308,0
10309,0
10315,1
10321,1
10322,1
10334,0
10339,1
10344,0
10354,0
10356,1
10360,1
10377,1
10380,0
10381,1
10384,1
10388,1
10389,1
10402,0
10404,1
10408,0
10421,0
10422,1
10425,0
10428,1
10432,0
10436,1
10439,1
10441,1
10442,1
10443,0
10444,1
10446,1
10449,0
10454,1
10460,1
10468,1
10473,1
10488,1
10495,1
10512,1
10518,1
10531,0
10534,1
10539,1
10554,1
10561,0
10568,1
10572,1
10582,1
10586,0
10591,0
10598,0
10628,1
10635,1
10645,1
10647,0
10657,0
10665,0
10666,0
10670,0
10671,0
10676,1
10679,0
10683,0
10689,0
10691,1
10710,1
10712,0
10713,1
10721,1
10725,0
10732,0
10734,1
10736,1
10743,0
10748,1
10749,0
10759,0
10766,0
10768,0
10769,1
10773,1
10776,1
10779,1
10781,0
10785,1
10791,0
10794,1
10795,0
10796,1
10816,1
10823,1
10825,0
10837,0
10843,0
10851,0
10854,0
10858,0
10862,0
10870,1
10873,0
10878,0
10880,1
10881,0
10885,0
10897,0
10900,1
10903,0
10904,0
10906,1
10915,0
10916,0
10930,0
10933,0
10934,1
10944,1
10965,0
10970,1
10978,0
10981,1
10984,1
10985,0
10992,1
10995,1
11008,0
11010,1
11014,1
11016,0
11017,0
11025,0
11030,1
11034,0
11039,0
11052,0
11053,1
11056,0
11073,1
11080,1
11093,0
11095,0
11103,0
11106,0
11107,1
11110,0
11117,0
11119,1
11127,0
11133,0
11136,1
11138,0
11146,0
11148,0
11159,0
11160,0
11164,1
11166,0
11167,0
11175,0
11181,0
11188,1
11195,1
11197,1
11210,1
11211,0
11227,1
11229,1
11236,0
11237,1
11240,1
11242,1
11244,1
11245,1
11246,1
11257,1
11262,1
11271,0
11272,1
11275,0
11276,0
11294,1
11297,1
11298,0
11299,1
11300,0
11302,1
11317,1
11325,0
11330,1
11335,0
11341,1
11353,1
11358,1
11364,1
11375,1
11384,0
11389,0
11392,1
11393,1
11396,1
11401,1
11412,0
11415,0
11427,1
11428,1
11445,0
11446,0
11467,0
11468,0
11469,0
11477,0
11481,1
11491,0
11492,0
11500,1
11511,1
11517,0
11525,0
11528,0
11536,1
11544,0
11545,0
11547,0
11555,0
11561,0
11564,1
11571,0
11579,0
11584,0
11591,1
11600,1
11602,0
11603,0
11606,0
11613,0
11623,1
11625,1
11630,0
11636,0
11648,1
11649,1
11652,1
11665,1
11667,0
11668,0
11672,0
11677,1
11691,0
11694,1
11696,0
11699,1
11700,0
11706,1
11718,0
11727,0
11729,0
11733,0
11734,1
11736,0
11738,1
11740,0
11748,1
11752,1
11756,0
11757,0
11765,0
11788,1
11797,0
11810,0
11821,1
11826,1
11844,1
11848,1
11857,0
11862,1
11863,1
11867,0
11875,0
11877,1
11878,1
11880,0
11891,1
11898,0
11905,0
11910,0
11918,1
11921,1
11924,1
11925,0
11934,1
11942,0
11943,0
11948,0
11959,0
11962,1
11968,0
11970,1
11977,0
11978,0
11980,1
11982,1
11984,1
11986,0
11988,1
11989,0
11993,1
11996,0
12003,0
12008,0
12012,0
12019,0
12021,0
12025,1
12033,1
12034,1
12035,1
12038,0
12049,0
12051,1
12055,0
12057,1
12060,1
12068,1
12069,0
12070,1
12091,0
12096,1
12099,1
12109,0
12110,0
12111,1
12114,0
12117,1
12126,1
12128,1
12135,0
12141,0
12147,1
12157,1
12161,1
12173,0
12182,1
12185,0
12187,0
12191,0
12198,0
12207,0
12209,0
12212,1
12216,0
12222,1
12225,1
12228,0
12245,1
12254,0
12255,1
12263,1
12269,1
12290,0
12293,0
12303,1
12305,0
12307,0
12318,1
12321,0
12322,1
12330,1
12333,1
12334,0
12338,1
12344,1
12347,0
12354,0
12372,1
12395,0
12396,0
12399,0
12400,0
12406,0
12410,1
12412,0
12418,1
12424,1
12435,0
12439,1
12446,0
12448,1
12463,0
12465,1
12466,0
12480,0
12511,0
12516,0
12517,1
12523,1
12530,1
12531,1
12533,0
12541,1
12544,1
12546,0
12549,0
12557,1
12559,1
12567,0
12569,1
12573,0
12574,0
12578,0
12592,1
12599,0
12612,0
12621,1
12623,0
12625,0
12634,1
12638,0
12639,0
12640,1
12643,1
12649,1
12653,1
12657,0
12665,0
12670,0
12671,1
12677,1
12679,0
12683,1
12685,0
12694,0
12702,0
12708,1
12714,1
12735,0
12740,1
12745,0
12748,1
12755,0
12760,1
12761,0
12788,0
12794,1
12797,0
12803,0
12804,1
12809,1
12812,0
12827,0
12829,0
12835,0
12837,1
12843,0
12844,1
12846,0
12852,0
12855,1
12873,1
12880,0
12891,0
12893,1
12897,0
12898,0
12901,1
12904,1
12905,1
12906,1
12907,1
12917,1
12922,0
12931,0
12936,0
12938,1
12945,0
12947,0
12976,1
12978,0
12982,0
12992,1
12997,1
13000,0
13002,0
13009,1
13011,0
13014,1
13017,1
13021,1
13024,1
13025,1
13027,1
13031,1
13033,0
13064,1
13068,0
13073,0
13085,0
13089,1
13091,0
13094,1
13102,0
13105,1
13109,1
13117,1
13119,1
13121,1
13137,1
13142,0
13147,1
13162,0
13167,1
13174,1
13178,0
13186,0
13189,1
13190,0
13194,1
13198,1
13201,1
13202,0
13206,1
13218,0
13220,0
13221,0
13224,1
13235,0
13246,0
13250,1
13255,0
13258,0
13260,1
13262,1
13267,0
13269,1
13277,1
13279,0
13283,0
13291,0
13293,1
13299,1
13302,0
13303,1
13317,0
13318,1
13325,0
13334,1
13335,0
13347,0
13349,1
13352,0
13353,0
13369,1
13378,1
13379,0
13382,1
13384,0
13388,0
13392,0
13394,1
13397,1
13398,1
13400,0
13401,0
13405,0
13409,1
13414,1
13426,1
13429,1
13431,1
13443,1
13454,1
13456,0
13465,0
13476,1
13477,1
13479,0
13484,0
13487,0
13488,0
13494,1
13505,0
13506,0
13508,0
13509,0
13511,1
13514,0
13520,1
13522,1
13537,1
13545,0
13546,1
13548,0
13551,1
13553,1
13557,0
13563,0
13571,1
13574,0
13578,1
13580,1
13592,1
13594,0
13596,0
13598,0
13600,0
13601,1
13607,1
13611,0
13617,0
13622,0
13625,1
13626,1
13627,1
13635,1
13640,1
13647,0
13648,1
13651,1
13658,1
13671,0
13676,0
13690,1
13695,0
13696,1
13701,1
13706,0
13708,0
13713,0
13717,0
13728,0
13732,1
13733,1
13734,1
13740,1
13743,0
13747,1
13753,1
13762,0
13764,0
13771,1
13772,1
13774,0
13778,0
13782,0
13783,1
13792,0
13799,0
13805,1
13809,0
13813,0
13816,0
13823,0
13824,0
13825,1
13849,1
13855,0
13865,1
13884,0
13885,0
13886,1
13889,0
13890,0
13897,1
13899,1
13903,1
13910,1
13911,0
13912,0
13914,0
13920,1
13921,1
13924,1
13926,1
13931,0
13939,1
13941,0
13942,0
13944,0
13947,0
13950,0
13956,0
13961,1
13964,0
13969,0
13972,0
13974,1
13976,1
13978,0
13983,1
13989,0
14001,0
14006,0
14010,0
14018,1
14020,1
14027,1
14036,1
14041,0
14046,1
14057,0
14066,0
14068,0
14081,0
14085,1
14091,0
14094,1
14105,0
14108,1
14116,1
14119,1
14122,0
14141,0
14142,0
14146,0
14151,1
14154,0
14164,1
14169,1
14172,0
14177,1
14211,1
14213,1
14224,0
14225,1
14231,1
14234,0
14247,1
14250,0
14260,1
14262,0
14263,0
14265,1
14275,0
14276,1
14279,1
14285,1
14299,1
14302,1
14306,0
14307,1
14308,1
14314,1
14331,1
14338,0
14341,1
14344,0
14345,0
14347,1
14350,0
14351,1
14353,0
14360,1
14363,1
14366,1
14370,1
14371,1
14378,0
14386,1
14396,1
14397,0
14398,1
14401,1
14404,1
14411,1
14417,0
14427,0
14435,0
14437,1
14468,1
14492,0
14501,0
14503,0
14504,0
14506,1
14510,0
14531,1
14536,1
14546,1
14573,0
14574,0
14587,0
14588,1
14591,0
14610,0
14613,0
14615,0
14623,0
14631,0
14635,1
14641,0
14648,0
14657,0
14659,0
14660,0
14662,1
14664,0
14665,1
14676,0
14679,0
14689,1
14690,1
14693,1
14700,0
14704,1
14705,1
14713,0
14725,1
14730,0
14732,0
14734,0
14738,0
14745,0
14748,1
14764,1
14767,0
14772,0
14781,1
14793,1
14799,1
14805,0
14810,0
14818,1
14821,1
14832,0
14841,1
14842,1
14843,1
14846,1
14850,1
14859,0
14870,1
14887,1
14898,0
14903,0
14908,0
14909,0
14912,1
14928,0
14932,0
14935,1
14964,0
14970,1
14971,1
14975,0
14994,0
14999,0
15002,1
15007,1
15008,1
15022,0
15024,0
15027,0
15033,0
15039,1
15055,0
15056,1
15058,1
15060,0
15063,0
15064,0
15067,0
15075,0
15079,0
15081,0
15086,0
15091,0
15107,0
15117,1
15120,1
15121,0
15122,1
15126,0
15133,1
15137,1
15138,0
15139,0
15144,0
15146,0
15150,0
15157,0
15159,0
15169,1
15170,1
15174,1
15175,0
15176,0
15186,0
15188,1
15195,0
15196,0
15197,0
15200,1
15205,1
15206,1
15207,0
15210,1
15214,0
15217,1
15218,1
15236,1
15242,0
15243,1
15254,1
15273,1
15274,1
15276,1
15277,1
15278,1
15298,1
15299,1
15303,1
15305,0
15306,0
15315,0
15320,0
15321,1
15326,0
15329,1
15331,1
15341,1
15344,0
15357,0
15359,0
15398,0
15409,1
15415,1
15418,0
15426,1
15430,0
15433,0
15439,1
15442,1
15443,1
15460,1
15461,1
15477,0
15479,0
15480,1
15489,1
15494,0
15500,1
15502,1
15514,1
15520,1
15529,0
15535,0
15536,0
15538,0
15551,1
15553,1
15572,0
15583,0
15587,0
15588,1
15590,1
15591,0
15601,0
15610,1
15615,1
15639,1
15641,0
15643,1
15653,0
15656,0
15668,0
15687,1
15689,1
15694,1
15696,1
15703,1
15706,0
15708,0
15712,0
15720,1
15721,0
15726,1
15728,0
15734,0
15735,1
15747,1
15748,0
15752,0
15753,1
15754,1
15771,1
15786,0
15792,1
15801,0
15819,1
15823,1
15827,1
15833,1
15841,0
15844,1
15850,0
15851,0
15862,1
15866,1
15867,0
15876,0
15878,0
15884,0
15887,0
15888,0
15892,1
15902,1
15904,1
15907,1
15927,0
15931,1
15947,1
15948,1
15949,0
15950,0
15957,1
15959,0
15963,1
15967,0
15976,1
15977,1
16007,0
16014,0
16025,0
16031,0
16045,1
16052,1
16060,1
16070,0
16096,1
16116,0
16125,0
16128,1
16130,1
16134,1
16136,1
16153,1
16155,0
16159,1
16162,0
16164,1
16173,0
16174,0
16177,1
16181,0
16187,1
16189,0
16195,1
16199,1
16201,0
16203,0
16211,1
16216,1
16232,0
16236,1
16240,1
16242,1
16246,0
16255,0
16269,1
16271,0
16274,1
16281,1
16282,0
16284,0
16295,1
16296,0
16301,1
16305,0
16310,1
16317,1
16324,0
16325,0
16326,0
16330,1
16333,0
16341,1
16342,0
16352,0
16356,1
16364,1
16376,1
16377,1
16379,1
16382,0
16385,1
16387,1
16388,0
16394,1
16401,0
16402,1
16413,0
16414,1
16418,1
16419,1
16422,1
16429,0
16435,0
16438,1
16450,1
16452,1
16455,0
16462,1
16463,1
16469,1
16475,1
16476,1
16497,1
16499,1
16500,0
16503,1
16504,0
16508,0
16512,1
16515,1
16519,1
16521,1
16527,1
16531,1
16532,1
16540,0
16543,1
16557,1
16558,1
16565,1
16566,0
16586,1
16591,0
16594,1
16611,1
16618,1
16622,0
16623,0
16624,0
16627,0
16633,0
16637,1
16648,1
16652,1
16659,0
16663,0
16665,1
16667,1
16668,1
16670,1
16687,1
16693,1
16697,0
16712,0
16714,1
16716,1
16722,0
16723,0
16731,0
16732,1
16741,1
16744,0
16750,1
16767,1
16771,1
16778,0
16788,1
16793,0
16794,1
16801,0
16814,0
16815,1
16816,1
16817,1
16824,1
16830,1
16833,0
16836,0
16837,0
16841,1
16849,1
16857,0
16858,1
16859,0
16864,1
16879,1
16885,0
16886,1
16900,1
16901,0
16907,1
16919,0
16924,0
16929,1
16933,0
16940,0
16948,0
16957,1
16962,0
16971,0
16978,0
16985,1
16991,0
16996,1
17001,1
17012,0
17014,1
17017,0
17023,1
17031,0
17040,1
17042,1
17049,0
17053,1
17059,1
17073,0
17085,1
17091,0
17096,0
17104,1
17109,1
17122,1
17128,0
17140,1
17155,0
17161,1
17165,0
17172,1
17181,0
17186,1
17189,0
17195,0
17196,0
17199,1
17212,1
17218,1
17224,0
17232,0
17241,1
17247,0
17249,1
17254,0
17255,0
17259,1
17260,1
17263,1
17270,1
17271,1
17278,0
17285,0
17287,1
17289,0
17300,0
17303,0
17306,0
17312,1
17321,1
17324,1
17329,0
17333,0
17340,1
17343,1
17360,1
17361,1
17362,1
17364,1
17366,0
17387,1
17389,1
17398,1
17405,1
17424,0
17428,0
17431,0
17434,1
17435,1
17453,0
17457,0
17458,1
17463,1
17468,1
17470,0
17471,0
17473,1
17479,0
17484,1
17485,1
17489,0
17500,0
17502,1
17507,0
17511,0
17516,0
17521,1
17524,1
17528,0
17540,1
17541,0
17546,0
17549,1
17558,1
17560,0
17562,0
17563,1
17565,1
17577,1
17581,1
17582,0
17583,1
17594,0
17595,1
17600,0
17604,0
17607,0
17624,0
17626,1
17632,1
17636,0
17644,1
17647,1
17649,1
17658,1
17660,0
17661,1
17663,0
17664,0
17667,1
17678,0
17681,1
17683,0
17685,1
17690,1
17707,1
17713,0
17714,1
17717,1
17718,1
17730,0
17734,1
17738,0
17744,0
17751,0
17758,1
17759,0
17765,0
17775,0
17780,1
17788,1
17793,0
17795,0
17800,1
17805,0
17806,1
17816,1
17821,1
17822,1
17831,1
17832,0
17839,0
17850,1
17851,0
17867,1
17873,0
17882,0
17891,1
17893,0
17894,0
17895,1
17899,1
17904,0
17910,0
17912,1
17915,1
17922,0
17924,1
17930,1
17932,0
17939,1
17941,1
17945,0
17961,1
17964,1
17967,0
17970,1
17977,1
17978,0
17980,1
17986,1
17993,0
17999,1
18000,0
18001,0
18010,0
18013,1
18014,0
18025,1
18031,1
18032,1
18034,0
18043,0
18047,0
18055,1
18064,1
18070,1
18085,0
18089,1
18091,0
18097,1
18102,0
18107,0
18117,1
18123,1
18132,0
18134,1
18135,1
18140,0
18143,0
18146,0
18151,1
18152,0
18160,1
18161,0
18163,0
18169,1
18172,0
18176,0
18178,0
18182,1
18188,1
18189,0
18196,1
18201,0
18209,1
18219,0
18226,1
18228,0
18244,1
18247,1
18253,1
18262,0
18269,0
18272,0
18274,0
18278,1
18289,1
18290,1
18293,1
18313,0
18319,1
18322,0
18323,0
18349,0
18351,1
18352,0
18353,0
18359,0
18379,1
18380,1
18387,1
18392,1
18393,1
18398,1
18410,0
18430,1
18433,0
18435,1
18436,0
18440,0
18449,1
18450,0
18451,1
18473,1
18476,0
18478,0
18479,1
18480,0
18486,0
18492,1
18493,0
18506,1
18507,1
18512,1
18516,1
18517,1
18518,0
18524,0
18531,0
18532,0
18547,0
18549,1
18553,1
18554,1
18566,0
18569,1
18574,0
18578,1
18581,1
18595,0
18596,1
18599,1
18603,0
18608,1
18610,0
18612,0
18619,0
18624,0
18632,1
18637,0
18641,0
18642,1
18643,1
18646,1
18650,0
18652,0
18661,0
18673,0
18683,0
18687,0
18691,0
18707,1
18710,0
18729,0
18730,1
18748,0
18753,0
18766,1
18770,0
18776,0
18777,1
18780,0
18784,1
18790,0
18797,1
18804,0
18805,0
18807,0
18808,0
18814,1
18815,0
18817,1
18823,0
18827,1
18828,0
18831,0
18839,0
18842,1
18843,0
18847,0
18851,1
18852,1
18859,0
18867,1
18869,1
18874,1
18876,1
18881,0
18885,0
18887,1
18888,0
18892,1
18904,1
18916,0
18920,1
18932,0
18945,1
18951,1
18952,1
18954,0
18956,0
18969,0
18970,0
18971,1
18979,0
18982,0
18985,1
18992,0
18994,0
18996,0
19009,1
19010,0
19018,0
19021,1
19030,1
19041,1
19043,0
19047,1
19056,1
19065,1
19084,0
19088,0
19095,1
19106,0
19108,0
19110,1
19113,0
19131,1
19132,1
19138,0
19143,0
19151,0
19152,0
19163,0
19167,0
19174,1
19185,1
19194,0
19198,0
19211,0
19212,0
19225,1
19239,1
19243,0
19244,0
19245,1
19250,0
19256,1
19277,1
19278,0
19288,0
19299,0
19302,1
19306,1
19307,1
19321,1
19338,0
19348,1
19354,0
19355,1
19356,1
19359,0
19361,1
19363,0
19369,0
19395,0
19403,1
19405,1
19409,0
19410,1
19415,0
19421,1
19425,1
19429,1
19430,1
19432,0
19433,0
19434,0
19436,0
19444,0
19463,0
19465,1
19480,0
19487,1
19488,0
19489,0
19504,1
19505,1
19507,0
19509,1
19512,1
19514,1
19524,1
19526,1
19531,0
19535,0
19540,1
19543,0
19547,0
19549,1
19556,0
19558,1
19563,1
19564,0
19570,1
19571,1
19577,0
19584,0
19589,1
19592,0
19593,1
19597,0
19598,0
19613,0
19614,1
19615,0
19617,0
19618,0
19619,1
19620,1
19621,1
19622,1
19623,0
19649,0
19661,1
19666,0
19674,0
19677,0
19679,0
19683,0
19686,1
19691,1
19693,0
19694,0
19697,0
19712,0
19716,0
19719,1
19726,1
19730,1
19738,1
19739,0
19747,1
19750,1
19760,0
19761,0
19772,1
19774,1
19779,0
19780,1
19787,1
19798,0
19806,0
19808,1
19814,1
19818,1
19819,0
19830,0
19833,1
19842,1
19847,0
19852,0
19853,0
19861,0
19862,1
19868,1
19870,1
19874,0
19879,0
19881,1
19890,1
19894,1
19895,1
19897,1
19898,1
19908,0
19912,0
19916,0
19917,0
19918,0
19925,0
19934,0
19938,1
19957,1
19958,0
19960,0
19963,0
19966,0
19972,1
19973,0
19983,1
19989,1
19997,0
19999,1
20000,0
20008,0
20011,0
20018,1
20020,1
20021,1
20029,1
20057,1
20061,0
20065,0
20083,1
20088,0
20089,0
20091,0
20094,0
20100,0
20102,0
20104,0
20131,1
20141,1
20150,0
20161,0
20166,0
20182,1
20184,0
20185,0
20198,0
20199,0
20201,0
20206,1
20211,1
20224,1
20232,1
20236,1
20241,0
20244,0
20257,0
20271,0
20276,0
20278,1
20280,1
20281,0
20287,0
20288,0
20293,0
20294,0
20299,1
20305,1
20306,0
20309,0
20323,0
20324,0
20331,1
20336,0
20337,0
20343,1
20345,1
20353,1
20371,0
20372,0
20378,0
20386,1
20392,1
20400,0
20401,0
20404,1
20405,0
20406,1
20416,0
20417,1
20418,1
20422,1
20441,1
20443,0
20445,1
20452,0
20453,1
20456,1
20462,1
20465,1
20472,0
20473,1
20476,0
20486,1
20502,0
20505,0
20510,0
20513,0
20514,0
20516,1
20517,0
20525,1
20532,1
20541,0
20543,1
20546,1
20553,0
20554,0
20560,0
20562,1
20570,1
20571,0
20572,1
20575,0
20576,1
20592,0
20593,0
20594,1
20595,0
20597,1
20599,0
20602,0
20603,1
20612,0
20617,0
20618,1
20619,1
20620,0
20626,1
20627,0
20628,1
20651,1
20655,1
20656,1
20670,1
20673,0
20676,0
20685,0
20689,0
20692,1
20693,0
20694,1
20707,1
20711,1
20717,1
20718,0
20720,1
20722,0
20725,0
20728,0
20730,1
20731,1
20734,0
20737,0
20749,1
20754,0
20756,0
20760,0
20765,0
20766,0
20772,1
20783,1
20788,0
20790,0
20793,0
20795,1
20802,1
20805,0
20812,0
20817,1
20818,1
20824,0
20827,1
20828,1
20829,1
20832,1
20834,1
20843,1
20846,1
20847,1
20848,0
20852,0
20861,1
20867,1
20869,1
20871,1
20881,1
20894,1
20897,0
20909,0
20921,0
20923,0
20932,0
20939,0
20945,1
20950,0
20958,1
20968,0
20975,1
20978,0
20987,0
20994,0
20995,1
20996,0
20998,1
21010,1
21018,1
21019,1
21028,0
21039,0
21047,1
21048,1
21054,1
21059,1
21061,1
21063,1
21065,0
21068,0
21070,1
21072,0
21074,0
21077,0
21086,0
21091,0
21093,1
21103,1
21105,1
21111,0
21119,1
21120,0
21125,1
21128,1
21134,1
21137,1
21139,1
21149,0
21151,1
21161,0
21162,1
21169,0
21176,1
21178,1
21180,0
21189,1
21194,1
21195,1
21205,0
21212,1
21213,0
21217,1
21223,0
21237,0
21240,0
21241,1
21246,1
21253,1
21261,0
21262,0
21268,1
21272,0
21274,1
21279,0
21289,1
21305,1
21307,1
21310,0
21312,0
21317,0
21322,0
21335,0
21343,0
21346,1
21360,0
21373,1
21380,0
21382,0
21384,0
21385,1
21388,1
21389,1
21395,0
21403,1
21409,1
21414,0
21423,0
21434,1
21437,1
21443,1
21450,1
21451,1
21454,1
21457,1
21458,0
21467,1
21483,1
21492,0
21498,1
21506,0
21510,0
21512,0
21513,1
21520,1
21524,0
21533,0
21534,0
21536,0
21538,0
21545,1
21548,1
21553,1
21570,1
21575,1
21576,1
21590,0
21593,0
21596,1
21600,0
21603,1
21611,0
21613,1
21615,0
21618,1
21624,0
21626,1
21629,0
21636,1
21638,0
21647,0
21651,0
21665,1
21682,1
21688,0
21689,1
21690,0
21694,1
21698,1
21704,0
21705,1
21723,0
21725,1
21726,0
21730,1
21743,1
21744,0
21752,0
21754,0
21757,1
21760,0
21761,0
21765,0
21771,0
21780,0
21784,0
21787,1
21792,0
21796,1
21801,1
21810,0
21821,1
21836,1
21844,1
21853,0
21859,0
21864,1
21871,0
21873,0
21878,1
21881,0
21886,1
21896,1
21899,1
21903,1
21905,1
21907,0
21915,1
21934,0
21935,0
21942,0
21947,0
21957,1
21965,0
21972,0
21978,0
21981,1
21987,1
21989,1
21993,1
21995,0
21997,0
21999,0
22002,0
22003,1
22004,1
22006,0
22008,0
22014,1
22023,0
22025,1
22028,0
22033,1
22038,0
22040,1
22044,0
22052,1
22054,0
22055,0
22060,1
22066,0
22067,0
22068,0
22071,0
22088,0
22095,1
22097,1
22099,0
22106,1
22112,1
22120,0
22121,0
22130,1
22131,0
22139,0
22156,0
22158,1
22165,0
22176,1
22178,1
22198,0
22204,0
22207,0
22212,1
22226,1
22236,1
22237,1
22238,0
22245,1
22252,0
22255,1
22274,0
22277,1
22285,1
22289,0
22302,0
22306,0
22309,0
22311,0
22312,1
22317,1
22319,0
22329,0
22335,0
22336,0
22346,0
22347,0
22348,1
22352,1
22356,1
22361,0
22362,1
22364,1
22374,0
22378,0
22393,1
22401,0
22402,1
22417,0
22418,0
22421,1
22443,0
22444,1
22446,1
22457,0
22460,0
22471,1
22473,1
22485,1
22486,0
22488,1
22489,0
22490,0
22492,0
22493,0
22494,1
22496,0
22499,1
22500,1
22501,0
22504,0
22508,0
22510,0
22513,1
22523,0
22527,0
22529,0
22530,0
22532,1
22541,0
22543,0
22545,0
22552,0
22554,0
22557,1
22561,1
22594,0
22596,0
22602,1
22603,1
22607,0
22608,1
22615,0
22621,1
22632,1
22643,0
22644,1
22649,0
22652,0
22653,1
22660,0
22670,0
22681,0
22685,0
22688,1
22695,1
22699,0
22702,1
22705,0
22710,0
22725,1
22728,1
22729,0
22730,1
22731,0
22732,0
22733,1
22739,0
22740,1
22741,0
22743,0
22747,0
22751,1
22752,0
22755,0
22756,0
22757,1
22761,0
22762,1
22775,0
22780,0
22785,0
22792,1
22796,1
22798,1
22803,0
22805,1
22810,1
22817,1
22838,0
22844,1
22847,0
22856,1
22859,0
22895,1
22897,0
22904,0
22909,1
22910,1
22911,1
22931,0
22934,0
22938,0
22947,0
22948,1
22950,0
22951,1
22958,1
22967,0
22975,1
22982,1
22984,1
22985,1
23005,0
23011,1
23012,0
23042,0
23048,1
23061,0
23071,1
23072,1
23078,1
23084,1
23086,1
23106,0
23117,0
23128,0
23134,0
23135,1
23139,1
23142,0
23154,0
23158,1
23159,1
23171,1
23172,1
23194,1
23195,1
23196,1
23197,0
23198,0
23204,1
23208,0
23209,1
23212,0
23213,0
23216,0
23222,0
23223,1
23228,0
23231,1
23235,1
23247,1
23251,0
23263,1
23264,1
23268,0
23272,0
23275,1
23276,1
23278,0
23282,1
23296,1
23299,1
23309,1
23311,1
23312,1
23318,0
23319,0
23329,0
23332,0
23335,1
23342,1
23350,0
23351,1
23357,0
23374,1
23378,1
23390,0
23392,1
23393,0
23398,0
23401,0
23403,1
23409,0
23413,1
23425,0
23426,0
23427,1
23428,1
23430,1
23432,1
23434,0
23436,0
23449,1
23453,1
23459,1
23463,1
23466,0
23468,1
23470,1
23496,1
23506,0
23508,0
23510,1
23522,1
23532,1
23533,1
23539,1
23545,0
23547,1
23549,0
23559,0
23561,1
23566,0
23573,1
23581,0
23587,1
23603,1
23604,1
23605,0
23616,0
23629,1
23635,0
23636,0
23643,1
23656,1
23659,1
23674,0
23676,0
23678,0
23679,0
23696,1
23703,0
23706,1
23711,1
23713,1
23714,1
23724,1
23725,0
23728,1
23729,0
23734,1
23743,1
23744,0
23745,1
23754,0
23765,0
23767,0
23770,1
23772,1
23780,0
23790,0
23798,0
23799,1
23814,1
23816,1
23831,1
23833,1
23837,0
23840,1
23847,0
23848,0
23850,1
23851,1
23852,0
23874,1
23878,1
23879,0
23883,1
23890,0
23897,1
23922,0
23930,0
23949,0
23958,0
23962,0
23972,1
23980,1
23983,0
23989,1
23995,1
24002,0
24010,0
24017,1
24022,1
24023,0
24024,1
24025,1
24026,0
24030,0
24034,1
24035,0
24038,1
24040,1
24045,1
24053,0
24058,0
24059,0
24065,0
24068,0
24079,1
24083,1
24088,1
24093,1
24098,1
24106,1
24118,1
24121,1
24123,0
24125,0
24132,0
24163,0
24167,1
24181,1
24185,0
24192,0
24210,1
24215,0
24218,0
24219,1
24228,1
24231,1
24235,0
24238,1
24239,1
24241,1
24243,0
24252,0
24255,1
24256,0
24261,1
24266,0
24267,0
24270,0
24274,1
24282,0
24297,1
24303,0
24305,1
24308,1
24313,1
24321,1
24322,0
24323,1
24330,0
24331,1
24335,0
24364,1
24365,1
24370,1
24372,1
24373,0
24376,1
24379,0
24386,0
24388,1
24389,0
24398,1
24403,1
24406,1
24413,1
24416,1
24420,1
24423,0
24428,1
24439,1
24444,0
24450,0
24451,1
24456,0
24465,1
24466,0
24479,1
24480,1
24483,0
24492,0
24494,1
24508,1
24512,1
24522,1
24529,1
24531,1
24536,1
24542,1
24544,1
24550,0
24556,1
24561,1
24566,1
24567,1
24582,0
24584,1
24586,0
24587,1
24590,1
24593,0
24600,1
24609,0
24610,0
24621,0
24633,0
24638,1
24640,0
24648,1
24650,1
24652,0
24657,1
24659,0
24660,0
24671,1
24677,0
24683,1
24689,1
24696,0
24698,1
24700,1
24707,1
24713,1
24718,0
24721,1
24723,0
24738,0
24742,1
24749,1
24756,1
24760,0
24763,1
24766,0
24772,1
24774,0
24778,1
24785,0
24789,1
24792,0
24794,1
24804,1
24810,0
24815,0
24822,1
24827,0
24828,0
24832,1
24835,1
24841,1
24846,1
24847,1
24855,1
24857,0
24859,0
24863,1
24865,1
24867,1
24869,0
24881,1
24884,0
24888,0
24892,0
24903,0
24906,1
24908,1
24910,0
24912,0
24916,1
24919,1
24924,0
24930,1
24935,0
24937,1
24940,0
24946,0
24951,1
24965,1
24968,1
24971,0
24977,1
24979,1
24988,0
24991,1
25034,1
25043,1
25052,0
25063,0
25064,0
25065,0
25066,1
25078,1
25079,0
25081,0
25082,0
25087,1
25089,1
25091,1
25094,0
25096,1
25112,0
25125,0
25131,1
25137,1
25150,1
25152,0
25183,1
25188,0
25189,1
25194,1
25207,0
25210,0
25219,0
25223,0
25225,0
25232,1
25241,0
25243,1
25264,1
25274,0
25275,1
25291,0
25293,1
25297,1
25303,0
25313,1
25320,0
25322,1
25327,1
25335,0
25337,0
25342,0
25352,1
25353,1
25360,1
25362,0
25366,1
25369,1
25372,0
25373,0
25377,1
25384,1
25390,0
25391,1
25392,1
25408,1
25416,1
25418,0
25423,1
25426,1
25428,0
25431,0
25432,0
25434,0
25444,0
25449,0
25456,0
25467,1
25474,1
25487,0
25493,1
25494,1
25496,0
25506,0
25509,0
25512,0
25519,0
25520,1
25536,1
25545,1
25562,0
25563,0
25564,0
25565,1
25570,1
25574,1
25579,0
25586,1
25590,0
25596,0
25599,1
25600,0
25603,0
25604,1
25614,0
25616,0
25617,1
25622,0
25623,0
25627,0
25631,1
25633,1
25640,1
25647,1
25648,0
25652,0
25654,0
25661,0
25681,1
25682,1
25706,1
25712,0
25716,1
25717,1
25719,0
25749,1
25758,0
25764,1
25767,1
25783,0
25796,0
25797,1
25804,1
25810,0
25815,0
25818,1
25828,0
25836,1
25837,1
25843,0
25844,0
25845,1
25852,0
25878,1
25882,0
25884,1
25885,1
25890,0
25894,0
25899,1
25900,1
25905,1
25940,1
25942,0
25949,0
25960,0
25964,0
25971,0
25972,0
25975,1
25986,0
25987,1
25989,0
25993,1
25998,0
26002,0
26017,1
26029,0
26035,0
26042,1
26044,0
26055,0
26056,0
26062,1
26063,0
26064,0
26073,0
26078,1
26086,0
26090,1
26091,1
26094,0
26097,1
26100,0
26111,0
26117,1
26128,1
26141,1
26149,1
26152,1
26154,1
26156,1
26158,1
26161,0
26177,0
26180,0
26182,0
26187,1
26190,1
26196,0
26197,0
26199,0
26201,1
26214,0
26227,0
26229,1
26231,0
26235,0
26237,0
26251,1
26256,1
26289,1
26298,0
26304,1
26306,0
26308,0
26315,1
26322,1
26333,1
26334,0
26346,1
26359,1
26360,0
26363,0
26365,0
26376,0
26382,1
26383,0
26386,0
26389,0
26391,1
26399,1
26404,1
26412,0
26414,1
26416,1
26418,1
26428,1
26430,1
26431,1
26432,1
26439,1
26440,1
26447,1
26477,1
26479,0
26508,0
26518,1
26519,0
26522,0
26533,0
26537,0
26538,1
26550,0
26551,1
26555,0
26565,0
26577,1
26578,1
26581,0
26584,0
26589,0
26591,0
26596,1
26600,0
26602,1
26608,0
26619,1
26622,1
26630,0
26635,1
26645,1
26648,1
26658,1
26660,0
26664,0
26665,1
26667,0
26670,0
26675,0
26681,0
26682,1
26697,1
26702,1
26703,1
26706,1
26713,1
26719,0
26724,1
26727,0
26741,0
26751,0
26752,1
26756,1
26758,1
26761,1
26774,0
26778,1
26780,1
26790,0
26799,1
26806,0
26819,0
26825,1
26828,1
26829,0
26830,1
26835,1
26838,1
26842,0
26847,0
26849,1
26850,1
26854,0
26855,0
26857,1
26860,0
26863,1
26869,0
26870,1
26887,0
26889,0
26892,0
26897,0
26908,1
26915,0
26923,0
26929,0
26930,1
26941,0
26943,1
26954,0
26959,0
26961,1
26977,0
26980,0
26982,1
26989,0
26991,1
26996,0
27000,0
27002,0
27012,1
27016,1
27028,0
27030,0
27038,0
27046,1
27048,1
27056,1
27060,1
27065,0
27068,1
27069,1
27080,1
27085,1
27086,0
27090,1
27093,0
27094,1
27098,1
27100,1
27101,0
27104,0
27107,1
27129,1
27131,0
27139,0
27143,1
27145,1
27163,1
27170,0
27175,0
27181,0
27185,0
27188,0
27189,0
27191,1
27192,0
27194,0
27197,0
27198,0
27204,0
27207,1
27210,0
27211,1
27221,1
27228,1
27238,0
27249,0
27269,0
27273,0
27281,0
27285,0
27291,1
27295,1
27315,1
27319,1
27326,1
27345,0
27352,1
27356,0
27360,0
27364,1
27368,0
27374,1
27381,0
27385,1
27391,1
27393,0
27398,0
27407,1
27418,1
27421,0
27423,0
27424,0
27428,0
27431,0
27432,1
27436,1
27454,0
27456,1
27457,0
27461,0
27479,1
27490,1
27502,1
27505,1
27508,0
27510,1
27519,0
27521,0
27533,1
27541,1
27543,1
27547,0
27550,1
27554,0
27562,1
27576,1
27580,0
27585,0
27590,1
27594,0
27606,1
27615,0
27627,1
27635,1
27637,1
27640,1
27644,0
27646,0
27649,1
27657,0
27659,1
27664,0
27669,1
27673,0
27674,0
27677,1
27678,1
27679,1
27688,1
27691,1
27697,1
27699,1
27706,0
27718,1
27720,1
27725,0
27731,1
27735,0
27736,0
27751,0
27764,1
27778,0
27783,0
27785,0
27795,0
27801,0
27810,0
27813,0
27815,1
27817,1
27819,0
27820,1
27821,1
27822,1
27827,0
27835,0
27849,1
27865,1
27866,1
27867,1
27870,1
27871,1
27877,0
27878,0
27886,1
27888,1
27891,0
27893,0
27902,0
27906,0
27919,1
27925,0
27927,0
27928,1
27929,0
27944,0
27945,1
27954,0
27955,0
27962,1
27965,1
27966,1
27969,1
27978,1
27979,1
27981,1
27988,1
27991,0
28000,1
28010,0
28027,0
28029,0
28037,0
28040,0
28041,0
28050,0
28051,0
28055,0
28065,1
28067,0
28085,1
28103,0
28104,0
28115,1
28117,1
28122,0
28126,0
28136,0
28148,1
28150,1
28154,1
28158,1
28168,1
28172,0
28174,0
28175,0
28183,0
28184,1
28188,0
28198,0
28203,0
28204,1
28211,0
28212,1
28215,0
28218,1
28220,1
28221,1
28230,1
28232,1
28259,1
28263,0
28264,0
28265,0
28267,0
28272,1
28275,0
28277,1
28305,0
28307,0
28313,1
28333,0
28337,1
28350,0
28364,1
28369,1
28370,0
28372,0
28380,1
28388,1
28392,1
28394,1
28398,1
28401,1
28404,1
28411,0
28422,0
28431,0
28445,1
28446,0
28464,0
28471,0
28479,1
28491,1
28501,1
28507,1
28513,0
28521,1
28522,0
28523,0
28524,1
28533,1
28535,1
28537,0
28538,1
28556,1
28558,0
28559,0
28561,0
28565,1
28573,1
28575,0
28580,0
28582,1
28586,0
28587,1
28652,0
28653,0
28654,0
28660,0
28666,1
28680,0
28694,0
28695,0
28706,0
28718,0
28721,1
28722,0
28723,1
28727,1
28729,0
28733,1
28745,0
28746,0
28747,0
28752,0
28759,0
28763,0
28768,0
28772,0
28782,1
28789,0
28791,0
28793,1
28795,1
28796,0
28797,0
28804,1
28815,1
28829,1
28835,0
28837,0
28848,1
28849,1
28855,0
28864,0
28865,1
28875,1
28890,1
28892,0
28893,0
28898,1
28900,1
28907,0
28911,0
28938,0
28939,1
28944,1
28949,0
28956,1
28967,1
28970,0
28971,0
28973,1
28976,1
28977,1
28980,0
28987,0
28999,1
29007,0
29014,0
29016,1
29020,0
29022,1
29027,1
29028,1
29030,1
29033,0
29037,1
29047,0
29053,1
29055,1
29059,1
29063,1
29065,0
29078,0
29079,1
29085,0
29087,1
29090,0
29100,1
29115,0
29118,0
29124,0
29143,0
29144,1
29154,0
29156,1
29159,0
29165,1
29167,1
29169,0
29182,0
29184,1
29194,1
29195,1
29200,1
29204,1
29212,0
29217,1
29220,1
29221,0
29232,1
29250,0
29253,0
29255,1
29265,0
29266,0
29268,0
29269,0
29271,1
29272,0
29292,0
29297,0
29298,0
29303,1
29309,0
29318,0
29321,0
29331,1
29342,0
29347,0
29353,1
29358,0
29365,0
29372,0
29390,0
29400,1
29401,1
29402,0
29406,1
29407,1
29423,0
29427,1
29432,1
29444,1
29453,0
29458,1
29468,1
29472,1
29478,0
29495,0
29500,1
29505,0
29517,0
29520,1
29521,0
29527,0
29529,1
29533,1
29546,1
29555,0
29559,0
29568,1
29569,1
29572,0
29582,1
29588,1
29594,0
29595,0
29603,1
29605,0
29607,1
29612,0
29625,1
29632,1
29637,0
29641,1
29647,1
29654,1
29660,1
29666,1
29678,1
29682,0
29685,1
29688,0
29692,1
29693,1
29700,1
29704,1
29705,0
29707,0
29714,0
29722,1
29723,0
29728,0
29748,1
29749,1
29754,0
29760,1
29761,1
29783,0
29784,1
29791,0
29797,1
29800,0
29802,0
29803,1
29813,0
29814,0
29816,1
29825,0
29828,1
29838,0
29841,1
29863,1
29865,1
29866,0
29874,0
29875,1
29879,1
29886,0
29887,1
29896,1
29899,0
29900,0
29918,1
29919,0
29923,0
29924,0
29927,1
29945,0
29952,1
29954,0
29967,0
29971,1
29973,1
29976,1
29984,1
29991,1
29992,0
30000,0
30002,0
30003,0
30008,1
30009,0
30012,1
30028,1
30033,0
30042,1
30043,0
30045,0
30049,1
30050,0
30051,0
30080,1
30082,1
30089,0
30090,1
30092,0
30102,0
30107,1
30114,0
30119,0
30123,1
30127,0
30130,1
30147,0
30148,1
30159,1
30167,1
30187,0
30206,0
30207,1
30213,1
30216,1
30220,1
30222,1
30223,0
30224,1
30227,1
30236,1
30240,0
30241,0
30242,0
30251,0
30253,0
30270,1
30276,1
30278,1
30289,1
30293,0
30303,0
30308,0
30309,0
30317,1
30322,1
30330,0
30333,0
30335,1
30343,1
30344,1
30349,1
30354,0
30357,1
30365,0
30366,0
30368,1
30371,1
30374,1
30376,1
30377,0
30388,0
30389,1
30396,1
30398,0
30414,1
30416,1
30418,1
30419,1
30421,0
30423,1
30439,1
30440,0
30448,0
30452,0
30482,1
30483,1
30492,0
30493,0
30500,0
30512,1
30522,1
30523,0
30524,0
30533,0
30534,1
30548,1
30557,0
30560,1
30561,0
30571,1
30573,1
30576,1
30592,1
30597,0
30614,1
30616,0
30622,0
30634,1
30639,0
30646,0
30649,0
30651,1
30652,0
30658,0
1,1
4,1
9,1
10,1
15,0
31,1
35,1
40,0
51,0
56,1
63,0
69,1
73,0
81,1
85,1
87,1
89,0
92,0
95,1
102,1
105,0
128,0
130,1
133,0
134,1
137,0
162,1
168,1
174,0
175,1
182,0
192,1
202,1
208,1
215,1
216,1
217,1
227,1
235,1
237,0
242,0
244,1
246,1
254,1
261,1
265,1
266,1
269,1
276,0
287,1
293,1
300,0
304,1
309,1
319,1
320,1
323,0
326,0
330,0
335,0
351,1
352,1
355,0
360,0
362,0
363,0
370,0
373,0
377,0
380,0
382,0
383,1
388,1
390,0
393,0
398,0
410,1
415,1
420,1
432,0
437,1
441,0
451,1
457,0
464,1
467,1
468,0
471,0
486,0
487,0
496,0
497,1
502,0
513,0
516,0
528,0
529,1
531,0
541,0
564,1
565,0
582,1
583,0
587,1
591,0
593,1
619,1
630,1
631,0
637,0
641,1
648,0
650,0
651,1
652,0
656,1
674,0
676,0
680,0
696,0
697,1
701,1
704,1
708,0
709,1
710,1
714,0
717,1
729,1
730,1
731,1
741,0
752,1
767,1
778,1
779,1
781,1
790,1
799,1
807,1
808,1
811,0
812,0
814,1
832,0
841,1
853,1
856,1
861,0
868,1
871,1
884,1
885,1
886,1
891,1
896,1
897,0
899,0
910,0
915,1
920,1
929,1
946,1
947,0
949,1
952,1
960,0
967,0
969,0
971,1
979,1
980,1
983,0
1002,1
1004,1
1009,1
1013,1
1027,1
1029,1
1040,0
1041,1
1050,1
1063,1
1067,1
1069,0
1082,1
1083,1
1088,1
1090,0
1092,0
1096,0
1103,0
1104,1
1116,1
1117,1
1120,1
1139,0
1152,1
1157,0
1164,1
1174,1
1193,1
1196,1
1198,0
1229,0
1237,0
1245,1
1248,1
1253,1
1262,1
1269,0
1277,1
1288,0
1295,1
1308,0
1310,1
1311,0
1328,1
1330,0
1331,1
1336,1
1338,1
1346,1
1360,0
1366,1
1368,0
1370,0
1385,1
1396,1
1398,1
1407,0
1416,0
1429,0
1454,0
1455,1
1463,1
1473,1
1476,1
1477,1
1478,1
1479,0
1480,0
1481,0
1488,0
1491,0
1494,0
1499,0
1500,1
1503,1
1504,1
1510,1
1520,1
1523,1
1530,0
1541,1
1543,1
1554,0
1556,1
1561,1
1563,0
1579,0
1581,0
1588,1
1597,0
1618,0
1623,1
1633,0
1645,1
1660,1
1664,1
1668,0
1671,1
1675,1
1676,1
1679,0
1682,0
1702,1
1706,1
1707,1
1710,1
1712,1
1724,1
1728,0
1739,0
1748,1
1750,1
1755,1
1769,0
1775,1
1777,1
1788,0
1790,0
1799,1
1802,1
1838,0
1848,1
1849,0
1850,1
1853,1
1854,1
1858,1
1863,1
1870,1
1873,0
1882,0
1891,1
1911,0
1940,1
1947,1
1951,1
1959,0
1968,0
1975,0
1976,1
1977,1
1988,0
1990,0
1999,0
2004,0
2008,0
2010,0
2014,1
2018,1
2021,0
2023,1
2024,1
2027,0
2031,1
2049,1
2050,1
2051,1
2059,0
2066,1
2068,0
2069,1
2080,0
2085,1
2090,0
2098,0
2099,0
2110,1
2129,1
2136,1
2149,1
2152,0
2155,1
2157,0
2170,1
2171,1
2176,1
2179,0
2189,1
2193,1
2212,0
2217,1
2222,0
2251,1
2259,0
2269,1
2271,0
2277,0
2278,1
2287,1
2299,1
2300,0
2320,1
2324,1
2333,0
2338,1
2350,1
2362,1
2366,1
2375,0
2380,0
2389,1
2392,1
2400,0
2403,0
2409,1
2411,1
2419,0
2422,1
2438,1
2441,0
2442,1
2453,0
2458,1
2465,0
2468,1
2471,0
2472,0
2482,0
2484,0
2496,1
2499,1
2503,1
2506,0
2513,1
2524,1
2530,1
2538,0
2546,1
2547,1
2549,1
2563,1
2564,1
2591,0
2594,0
2595,0
2599,1
2603,0
2612,0
2614,1
2624,1
2625,0
2633,1
2635,1
2642,1
2670,1
2675,0
2676,1
2682,1
2684,0
2693,1
2704,1
2712,0
2717,1
2732,1
2736,1
2740,1
2751,1
2757,1
2772,1
2782,1
2793,1
2800,0
2825,1
2827,1
2828,1
2832,1
2840,1
2843,0
2846,0
2852,1
2853,0
2858,0
2871,0
2901,0
2907,0
2909,0
2915,1
2924,0
2937,1
2938,0
2943,0
2952,1
2954,1
2956,1
2976,1
2978,1
2980,1
2982,0
2992,1
3001,0
3008,0
3009,0
3011,0
3015,0
3019,1
3022,0
3023,1
3028,0
3037,0
3038,0
3060,1
3066,1
3067,0
3074,1
3078,0
3085,0
3102,0
3105,1
3107,0
3108,0
3123,1
3133,1
3147,0
3151,1
3152,1
3155,1
3158,0
3160,1
3168,1
3173,0
3183,0
3189,0
3193,1
3195,0
3199,0
3203,1
3209,0
3230,1
3232,0
3239,0
3241,1
3242,1
3243,1
3253,1
3270,0
3280,1
3287,0
3290,1
3297,0
3298,1
3315,1
3319,0
3329,1
3330,0
3335,0
3339,1
3340,1
3341,1
3349,1
3362,0
3367,0
3369,1
3375,0
3380,1
3381,1
3387,1
3389,1
3390,1
3399,1
3402,0
3404,0
3405,1
3410,0
3411,0
3413,0
3415,1
3419,1
3429,1
3433,0
3444,0
3447,1
3452,1
3454,0
3455,1
3456,0
3459,1
3469,1
3475,0
3483,1
3489,0
3499,1
3510,1
3516,1
3533,0
3544,1
3555,1
3556,0
3559,1
3562,0
3566,0
3592,0
3595,0
3597,1
3600,1
3603,1
3616,1
3637,1
3641,1
3652,1
3662,0
3665,1
3666,1
3670,1
3678,0
3692,0
3695,0
3698,1
3701,1
3709,1
3721,1
3725,1
3747,1
3751,0
3756,1
3758,0
3770,0
3781,1
3782,0
3783,0
3793,1
3794,0
3797,1
3798,1
3800,0
3810,1
3812,1
3821,1
3827,0
3834,1
3838,1
3841,0
3846,1
3852,1
3854,1
3856,1
3861,1
3869,1
3882,1
3884,0
3886,1
3887,0
3890,0
3902,1
3903,0
3909,1
3911,0
3914,1
3931,1
3937,0
3940,0
3946,1
3949,0
3951,1
3960,1
3977,1
3990,1
3994,0
3997,1
3999,1
4015,0
4018,0
4022,1
4025,1
4029,1
4030,0
4032,1
4042,0
4044,1
4061,1
4067,0
4070,1
4085,1
4092,0
4096,0
4101,0
4103,1
4104,1
4111,0
4117,1
4119,0
4130,0
4131,1
4133,1
4138,1
4143,1
4145,1
4156,0
4158,0
4172,1
4185,0
4192,1
4205,0
4213,1
4223,1
4229,1
4232,1
4236,0
4241,1
4246,1
4249,1
4262,1
4263,1
4276,1
4292,1
4293,1
4319,0
4321,0
4323,1
4325,0
4327,1
4329,0
4336,1
4347,0
4358,0
4360,1
4362,1
4363,0
4364,0
4369,1
4377,1
4380,0
4382,0
4392,0
4398,1
4400,1
4410,0
4411,1
4428,1
4455,1
4457,0
4460,0
4469,0
4473,0
4476,1
4477,1
4481,1
4487,0
4489,0
4494,1
4498,1
4518,1
4519,0
4521,0
4525,1
4539,1
4542,1
4553,0
4565,1
4570,0
4583,0
4589,0
4594,1
4595,0
4599,1
4602,1
4613,1
4617,1
4621,1
4624,0
4625,0
4629,1
4631,0
4636,1
4645,1
4646,1
4647,1
4667,0
4671,0
4676,1
4695,1
4704,1
4710,0
4716,0
4718,1
4737,0
4739,0
4742,1
4751,1
4758,0
4768,0
4776,1
4794,1
4797,1
4804,0
4812,1
4823,1
4834,0
4851,1
4862,1
4864,1
4866,1
4875,1
4876,1
4879,1
4882,1
4884,1
4905,0
4907,1
4912,0
4927,1
4932,1
4935,1
4943,1
4946,1
4947,0
4950,0
4963,1
4983,0
4989,1
4993,1
5002,0
5004,1
5007,0
5008,0
5011,1
5042,1
5045,1
5046,1
5054,0
5055,0
5061,0
5066,1
5082,0
5087,0
5091,0
5096,1
5100,0
5101,1
5113,1
5115,0
5116,0
5118,1
5119,0
5120,1
5128,1
5130,1
5135,1
5143,0
5152,0
5159,1
5174,0
5175,1
5188,0
5194,0
5202,1
5208,1
5211,1
5223,0
5230,1
5255,0
5256,0
5258,1
5282,1
5283,0
5287,0
5291,1
5292,1
5298,0
5312,1
5316,1
5318,1
5321,1
5323,0
5334,1
5352,0
5354,1
5367,1
5373,0
5379,0
5384,1
5388,0
5399,0
5406,0
5422,1
5423,0
5425,1
5432,0
5437,0
5439,0
5443,0
5451,0
5457,0
5460,1
5468,1
5470,1
5477,1
5492,1
5496,1
5498,1
5504,0
5507,0
5517,1
5534,1
5540,0
5545,0
5548,0
5549,0
5553,1
5558,1
5564,0
5573,0
5580,0
5594,1
5595,1
5602,1
5608,0
5610,0
5613,0
5616,1
5618,0
5638,0
5640,0
5642,0
5646,0
5649,1
5656,0
5660,0
5684,1
5700,1
5710,1
5713,1
5718,0
5724,1
5735,0
5739,0
5742,1
5754,1
5759,0
5766,0
5767,0
5768,0
5774,0
5780,0
5784,0
5786,1
5798,0
5809,1
5810,1
5812,0
5819,0
5839,0
5847,1
5851,1
5854,0
5856,1
5866,0
5884,0
5888,0
5890,0
5897,0
5902,1
5912,1
5917,0
5934,1
5939,0
5947,1
5948,1
5950,0
5952,1
5956,0
5966,1
5975,0
5982,1
5995,1
6000,1
6008,1
6009,0
6014,1
6028,0
6030,1
6035,1
6036,1
6042,1
6052,1
6054,0
6055,1
6063,1
6065,1
6077,0
6082,1
6085,1
6089,0
6090,1
6092,0
6101,0
6103,1
6112,0
6123,0
6124,0
6137,1
6138,0
6143,0
6160,1
6170,0
6173,0
6174,0
6175,1
6192,1
6208,1
6210,0
6214,1
6218,1
6219,0
6233,0
6234,1
6237,0
6255,1
6259,0
6274,0
6286,0
6289,1
6294,0
6300,1
6307,1
6313,1
6318,1
6346,1
6364,1
6370,1
6387,1
6398,1
6402,1
6410,1
6415,1
6433,0
6434,0
6446,0
6467,1
6477,1
6484,1
6491,1
6493,1
6502,1
6510,1
6511,0
6514,1
6523,0
6532,0
6546,1
6560,1
6572,1
6593,1
6598,0
6599,1
6615,1
6622,1
6636,0
6637,0
6642,0
6649,0
6654,0
6656,1
6658,0
6661,0
6665,0
6669,1
6671,1
6675,1
6684,1
6685,1
6690,1
6692,0
6693,0
6696,1
6700,0
6701,1
6702,1
6705,1
6715,1
6718,1
6721,0
6723,1
6732,1
6740,1
6741,1
6749,1
6758,0
6760,1
6778,1
6782,1
6797,1
6821,0
6825,1
6828,0
6835,0
6838,1
6842,1
6843,1
6846,1
6847,1
6852,1
6858,1
6859,1
6861,1
6869,1
6880,1
6909,1
6911,1
6917,0
6923,1
6934,0
6938,1
6961,1
6967,1
6975,1
6976,1
6979,1
6985,1
6989,1
6990,1
6999,0
7011,1
7017,0
7027,1
7033,0
7034,1
7037,0
7040,0
7042,1
7048,1
7050,1
7053,0
7054,0
7060,0
7061,0
7075,1
7087,0
7089,1
7100,1
7104,0
7107,0
7108,1
7114,0
7121,0
7126,0
7131,0
7137,0
7143,1
7146,0
7151,1
7155,1
7156,0
7163,0
7165,1
7168,0
7173,0
7175,1
7185,1
7201,0
7202,1
7210,1
7225,1
7226,0
7232,0
7241,1
7243,1
7251,1
7264,1
7269,1
7274,0
7276,0
7277,0
7279,0
7283,1
7286,0
7298,0
7303,1
7307,0
7312,0
7324,1
7331,1
7336,0
7339,1
7352,1
7359,1
7362,1
7384,0
7389,0
7392,0
7394,0
7396,1
7400,1
7405,1
7415,1
7420,1
7421,1
7424,0
7430,1
7437,0
7439,1
7441,1
7444,0
7453,0
7454,0
7455,0
7478,1
7482,0
7484,0
7491,1
7498,0
7502,1
7504,0
7512,1
7515,1
7518,0
7520,1
7539,1
7548,1
7554,0
7565,1
7567,1
7570,1
7572,1
7582,1
7584,0
7586,1
7593,1
7598,1
7620,1
7624,1
7638,1
7639,0
7648,0
7649,1
7665,0
7667,0
7668,0
7670,0
7697,1
7702,0
7705,0
7716,1
7731,1
7742,0
7754,1
7756,1
7757,0
7771,1
7777,0
7784,1
7792,1
7796,0
7801,0
7816,0
7822,0
7823,0
7831,0
7843,0
7855,0
7866,0
7873,0
7877,1
7883,1
7916,1
7917,0
7923,1
7927,1
7932,1
7933,1
7948,1
7961,1
7968,1
7970,1
7973,1
7979,1
7983,1
7988,0
7995,1
7999,0
8000,1
8001,1
8002,0
8006,1
8029,1
8031,1
8038,1
8048,0
8054,0
8070,0
8073,0
8081,0
8082,0
8083,1
8094,0
8101,1
8107,1
8109,1
8116,1
8129,0
8143,1
8156,0
8158,1
8161,1
8163,1
8175,0
8176,1
8179,0
8187,0
8196,1
8210,0
8223,1
8227,1
8233,1
8239,0
8244,1
8259,0
8266,1
8280,1
8283,1
8287,0
8288,1
8293,1
8301,1
8305,1
8310,0
8316,1
8323,1
8327,1
8330,1
8355,0
8357,0
8363,1
8364,1
8373,1
8377,1
8380,1
8384,1
8385,1
8386,1
8388,0
8391,1
8394,1
8395,1
8407,0
8411,1
8412,1
8413,0
8424,1
8431,0
8436,1
8439,1
8443,0
8444,0
8455,0
8467,1
8469,1
8475,1
8479,1
8480,0
8491,1
8496,0
8498,0
8506,1
8508,0
8516,0
8527,1
8534,1
8535,1
8559,1
8560,0
8571,1
8574,1
8581,1
8585,0
8591,1
8592,0
8602,0
8605,1
8608,1
8609,0
8618,1
8624,1
8631,0
8632,0
8634,1
8637,1
8652,1
8653,0
8665,1
8676,0
8679,0
8682,0
8688,1
8697,0
8707,0
8715,0
8734,1
8736,1
8739,0
8744,0
8768,1
8769,0
8771,1
8773,0
8774,1
8788,1
8795,1
8796,1
8810,0
8815,0
8824,1
8833,1
8839,0
8850,0
8852,0
8858,1
8868,1
8873,1
8875,1
8880,1
8888,1
8892,0
8928,1
8930,1
8936,0
8939,1
8940,1
8947,0
8950,1
8952,1
8953,0
8957,0
8966,0
8970,0
8979,1
8981,1
8988,0
8989,0
8999,1
9004,0
9005,0
9026,0
9027,1
9040,1
9045,1
9053,0
9058,0
9060,0
9064,1
9071,1
9075,1
9076,0
9084,0
9085,1
9087,0
9099,1
9122,0
9130,1
9131,1
9146,1
9149,0
9150,0
9155,1
9156,1
9162,1
9177,0
9179,0
9181,0
9186,0
9189,1
9191,1
9194,0
9199,0
9205,1
9213,1
9219,1
9221,1
9231,1
9239,1
9240,0
9241,1
9242,1
9259,0
9266,0
9282,0
9284,1
9288,1
9293,1
9295,0
9302,0
9305,0
9308,1
9309,0
9310,0
9311,0
9312,0
9325,1
9332,1
9333,1
9337,0
9341,1
9345,0
9346,0
9347,1
9353,1
9374,0
9375,1
9381,1
9386,0
9392,1
9397,0
9398,1
9411,1
9429,0
9431,1
9435,1
9436,0
9445,1
9449,1
9454,1
9464,0
9469,1
9484,1
9488,0
9494,1
9498,1
9499,0
9512,0
9517,0
9521,0
9523,0
9527,0
9538,0
9551,0
9552,1
9562,1
9570,1
9595,0
9598,1
9599,0
9603,1
9608,0
9625,0
9628,0
9629,0
9635,0
9646,1
9649,0
9659,0
9662,1
9678,0
9686,0
9697,0
9723,1
9732,1
9742,1
9753,1
9762,0
9768,0
9783,1
9784,1
9785,1
9800,1
9807,0
9816,1
9822,1
9825,0
9827,1
9841,0
9842,0
9859,1
9864,1
9882,0
9884,1
9889,1
9891,0
9895,1
9898,1
9904,1
9906,0
9910,0
9917,0
9924,1
9926,1
9933,1
9942,1
9948,1
9969,1
9983,1
9985,0
9998,1
10006,1
10009,1
10016,0
10055,1
10060,0
10063,0
10078,1
10084,1
10095,0
10096,0
10108,1
10113,1
10118,0
10119,1
10125,1
10142,0
10144,1
10149,1
10150,1
10161,0
10170,0
10179,0
10181,0
10190,1
10192,1
10198,1
10200,1
10202,1
10207,1
10211,1
10215,1
10218,1
10223,1
10237,0
10249,0
10252,0
10257,1
10258,1
10260,0
10261,1
10262,0
10263,1
10264,1
10271,1
10272,1
10275,0
10278,0
10286,1
10287,1
10290,0
10291,1
10297,1
10303,0
10304,0
10335,1
10338,0
10343,1
10348,0
10350,1
10353,1
10359,1
10372,0
10374,1
10391,0
10396,1
10412,0
10424,1
10426,0
10433,1
10448,1
10455,1
10456,1
10464,1
10466,0
10469,0
10479,0
10490,1
10498,1
10501,0
10504,1
10509,0
10520,1
10523,0
10528,0
10529,0
10530,1
10532,0
10540,1
10544,1
10545,1
10551,1
10559,1
10560,1
10575,1
10578,0
10588,0
10590,1
10596,1
10610,0
10615,1
10617,1
10619,1
10620,1
10621,1
10623,1
10624,1
10642,1
10643,0
10648,1
10656,0
10659,0
10667,0
10681,1
10687,1
10702,0
10706,0
10707,1
10708,0
10716,1
10717,1
10729,1
10735,1
10740,1
10745,1
10750,0
10752,0
10783,1
10787,1
10797,1
10800,1
10804,1
10807,0
10808,1
10809,1
10810,1
10817,1
10820,1
10821,0
10827,1
10829,0
10840,1
10842,1
10847,1
10848,1
10856,1
10874,0
10875,1
10876,0
10877,1
10879,0
10883,1
10887,1
10889,0
10891,1
10895,1
10898,0
10902,1
10907,0
10910,0
10917,1
10921,1
10928,1
10935,1
10938,1
10940,0
10943,1
10947,0
10952,0
10953,0
10960,1
10979,1
10989,1
10999,0
11001,0
11004,0
11011,0
11024,0
11032,1
11036,1
11038,0
11047,0
11057,1
11061,1
11063,0
11074,1
11076,1
11077,0
11078,1
11087,0
11100,1
11121,0
11124,1
11126,0
11132,1
11137,1
11141,0
11142,1
11150,0
11168,0
11174,1
11186,1
11187,0
11202,1
11213,0
11214,1
11215,0
11216,0
11219,0
11223,1
11230,0
11252,0
11253,1
11259,0
11274,1
11277,1
11284,0
11289,0
11295,1
11301,0
11309,1
11319,0
11323,0
11328,0
11331,0
11334,1
11345,1
11346,0
11354,0
11357,1
11366,0
11383,1
11386,1
11391,1
11404,1
11408,1
11416,0
11421,1
11433,0
11439,1
11451,0
11457,1
11482,1
11484,0
11487,0
11494,0
11496,0
11499,0
11501,1
11526,0
11535,0
11538,0
11543,1
11550,1
11572,0
11589,1
11593,1
11595,1
11604,1
11605,0
11614,0
11631,1
11638,1
11651,0
11659,0
11676,1
11678,0
11683,0
11687,1
11688,1
11695,1
11701,0
11714,1
11716,0
11722,0
11731,1
11735,1
11743,1
11744,1
11750,1
11755,1
11766,1
11771,1
11773,1
11786,0
11787,0
11791,0
11814,1
11817,0
11823,1
11833,1
11837,1
11843,0
11846,1
11847,0
11849,0
11864,0
11865,1
11872,1
11882,0
11884,0
11889,0
11894,1
11930,1
11957,0
11969,1
11976,1
11985,0
11992,0
11994,0
12004,1
12005,1
12009,0
12015,0
12026,1
12040,0
12047,0
12062,1
12064,0
12067,1
12074,0
12076,0
12079,1
12087,0
12088,0
12094,1
12095,0
12106,1
12112,0
12113,1
12116,1
12129,1
12131,0
12151,0
12153,0
12154,1
12158,1
12163,0
12195,1
12196,0
12200,0
12203,0
12208,1
12213,0
12218,0
12230,0
12232,0
12236,1
12237,1
12243,0
12256,1
12257,0
12271,0
12282,0
12283,1
12292,0
12294,1
12295,0
12302,0
12313,0
12323,0
12328,0
12336,0
12343,0
12346,0
12357,1
12369,0
12380,1
12387,1
12393,1
12397,1
12403,1
12415,1
12416,0
12419,1
12430,1
12438,0
12440,0
12447,1
12453,1
12454,1
12457,0
12460,0
12461,1
12468,0
12477,1
12478,0
12483,1
12487,0
12492,1
12496,0
12499,0
12509,1
12520,1
12521,1
12535,1
12538,1
12545,1
12550,1
12564,1
12579,0
12589,1
12601,1
12605,0
12610,1
12619,1
12642,1
12644,1
12647,1
12654,1
12656,1
12663,1
12667,1
12672,1
12673,1
12675,1
12676,0
12681,1
12684,1
12690,1
12696,0
12704,1
12705,1
12713,1
12716,1
12718,1
12722,1
12729,1
12733,1
12736,0
12756,1
12757,0
12781,1
12791,0
12805,1
12823,1
12841,1
12845,0
12860,1
12864,0
12868,1
12874,1
12876,1
12887,0
12910,1
12920,1
12921,1
12926,0
12928,1
12934,1
12939,1
12950,1
12952,1
12953,0
12955,0
12958,1
12961,1
12966,0
12967,1
12975,1
12981,0
12983,0
13003,0
13007,1
13012,0
13018,0
13042,1
13054,0
13057,1
13062,0
13067,0
13072,0
13074,0
13076,0
13079,1
13081,1
13087,1
13092,1
13093,0
13116,1
13122,0
13134,1
13153,1
13158,0
13161,0
13165,1
13173,1
13177,1
13183,0
13210,1
13212,0
13223,1
13225,0
13228,1
13232,1
13234,0
13236,0
13237,1
13239,1
13242,1
13245,0
13247,1
13266,1
13274,1
13287,1
13297,1
13323,1
13324,0
13327,1
13339,1
13345,0
13365,0
13383,1
13402,0
13410,1
13422,1
13425,1
13432,0
13437,0
13444,0
13445,1
13459,1
13462,1
13466,1
13467,1
13470,1
13472,0
13478,1
13481,0
13485,0
13490,1
13491,0
13496,0
13501,1
13525,1
13538,0
13539,1
13541,1
13560,1
13573,0
13581,1
13582,1
13584,0
13591,0
13609,1
13614,1
13618,0
13629,0
13630,1
13632,0
13644,0
13652,1
13654,0
13656,1
13672,1
13673,1
13678,0
13685,0
13687,0
13691,1
13693,0
13694,1
13699,1
13702,0
13724,0
13735,1
13739,1
13741,1
13755,0
13769,1
13775,0
13785,1
13796,1
13802,1
13803,1
13804,0
13814,1
13819,0
13821,0
13828,0
13833,0
13854,1
13863,0
13869,1
13871,0
13904,0
13907,0
13908,0
13916,0
13919,0
13930,1
13933,0
13946,0
13948,1
13953,1
13957,0
13958,0
13968,1
13971,0
13973,1
13977,1
13981,0
13987,1
14002,0
14003,1
14007,1
14009,1
14032,0
14034,0
14037,1
14040,1
14043,0
14058,0
14071,0
14076,1
14077,1
14079,0
14087,1
14093,1
14098,1
14100,1
14103,1
14106,1
14109,0
14125,1
14126,0
14128,1
14135,0
14140,1
14144,1
14147,1
14158,0
14168,1
14173,1
14175,0
14176,1
14179,1
14180,0
14183,0
14185,1
14188,1
14190,1
14191,1
14194,0
14195,1
14197,1
14198,1
14204,1
14207,1
14208,1
14216,0
14222,0
14223,1
14228,1
14252,1
14258,0
14259,1
14269,1
14270,1
14280,1
14281,0
14286,1
14294,1
14300,1
14318,0
14329,1
14335,0
14339,1
14356,1
14359,0
14382,1
14383,1
14387,1
14393,1
14399,0
14403,0
14405,1
14415,1
14423,1
14429,0
14438,1
14449,1
14455,0
14460,1
14470,0
14476,1
14477,1
14481,1
14499,1
14505,1
14518,0
14528,1
14533,1
14535,1
14537,1
14554,1
14559,0
14581,0
14585,1
14593,0
14594,1
14597,0
14598,1
14605,0
14606,1
14616,1
14620,0
14629,1
14632,0
14634,1
14644,1
14645,1
14654,0
14655,0
14666,0
14668,1
14678,1
14687,1
14697,1
14703,0
14706,1
14717,1
14721,1
14741,1
14760,0
14763,1
14766,0
14777,0
14786,1
14794,1
14802,1
14811,0
14823,0
14824,1
14826,1
14831,1
14838,1
14845,1
14848,1
14852,1
14853,1
14867,1
14869,1
14874,1
14882,1
14883,1
14884,1
14915,0
14917,1
14920,1
14929,1
14933,0
14936,1
14949,1
14972,1
14973,0
14979,1
14991,0
15001,1
15009,0
15010,1
15017,1
15041,0
15044,1
15049,1
15061,1
15062,1
15065,1
15070,0
15085,1
15089,1
15098,1
15123,1
15134,1
15136,0
15141,1
15143,0
15155,0
15165,1
15166,0
15173,1
15179,1
15182,0
15184,1
15212,0
15216,1
15221,1
15240,1
15250,1
15262,1
15263,1
15265,0
15271,0
15272,1
15279,0
15281,0
15295,0
15304,1
15309,1
15310,1
15314,1
15316,1
15317,1
15318,0
15324,1
15332,0
15343,0
15346,0
15348,1
15355,0
15362,1
15367,1
15369,1
15385,1
15394,1
15400,1
15412,1
15419,1
15421,1
15425,1
15429,1
15435,1
15437,0
15444,0
15447,1
15450,0
15455,1
15456,0
15458,0
15463,0
15465,1
15469,1
15476,1
15478,1
15485,0
15499,1
15504,0
15505,1
15506,0
15524,1
15532,0
15534,0
15552,1
15557,1
15559,1
15578,0
15579,1
15582,1
15586,1
15596,0
15612,1
15617,1
15620,1
15629,0
15630,1
15637,0
15647,0
15648,0
15649,1
15658,1
15665,1
15670,0
15671,0
15711,0
15715,1
15716,0
15718,0
15723,1
15730,1
15731,1
15744,0
15746,1
15750,0
15751,1
15755,0
15761,0
15765,1
15766,1
15782,0
15787,1
15835,0
15840,1
15846,1
15848,1
15859,0
15864,1
15872,1
15873,0
15879,1
15883,1
15893,1
15895,1
15903,1
15932,1
15934,0
15939,0
15955,0
15956,1
15964,0
15966,1
15974,0
15986,1
15993,0
15999,0
16004,0
16008,1
16011,1
16015,1
16019,0
16023,0
16024,0
16030,0
16034,1
16037,1
16041,1
16049,0
16050,1
16051,0
16053,1
16055,1
16056,1
16057,1
16061,0
16063,1
16066,1
16084,1
16087,0
16089,0
16097,0
16101,0
16102,1
16105,0
16106,1
16109,0
16112,1
16121,0
16131,0
16143,1
16144,0
16146,1
16147,0
16157,1
16168,0
16192,1
16205,0
16212,1
16214,1
16222,0
16225,0
16227,0
16228,1
16230,1
16243,1
16247,1
16260,0
16267,1
16276,0
16286,1
16291,1
16293,0
16300,1
16307,0
16313,1
16328,1
16337,0
16347,1
16362,1
16372,1
16374,0
16399,1
16403,1
16409,1
16410,0
16415,0
16424,1
16431,0
16437,0
16439,1
16448,0
16468,1
16487,1
16493,1
16495,1
16501,1
16506,1
16509,0
16559,1
16571,0
16576,1
16578,1
16582,0
16583,1
16589,1
16590,0
16612,0
16619,0
16631,1
16635,0
16646,1
16649,1
16654,0
16657,1
16664,0
16672,1
16676,1
16679,0
16681,1
16689,1
16702,0
16705,0
16706,1
16713,1
16715,0
16729,1
16733,0
16739,0
16748,1
16751,0
16758,1
16782,1
16783,0
16785,0
16789,1
16790,1
16808,0
16823,1
16853,1
16863,1
16866,0
16869,0
16875,1
16878,0
16887,1
16888,0
16891,1
16895,1
16896,1
16899,1
16904,1
16908,1
16921,1
16927,0
16928,0
16934,0
16939,1
16941,1
16942,1
16943,1
16944,0
16945,0
16956,1
16970,0
16973,1
16974,1
16979,1
16980,0
16988,1
16993,1
16994,1
17008,1
17009,1
17010,1
17011,1
17015,0
17027,1
17029,0
17036,1
17054,1
17068,1
17072,0
17077,1
17079,1
17083,0
17087,0
17089,1
17097,1
17102,0
17117,0
17118,1
17125,1
17137,1
17139,1
17141,0
17158,1
17159,1
17176,1
17178,1
17184,1
17191,0
17205,1
17208,1
17219,0
17223,0
17228,1
17240,0
17246,0
17248,0
17250,1
17251,0
17258,0
17262,1
17264,1
17265,1
17273,0
17288,1
17313,0
17320,0
17322,1
17326,0
17328,1
17341,0
17344,1
17345,1
17346,0
17355,0
17365,0
17368,1
17369,1
17375,1
17382,0
17392,1
17401,0
17408,0
17411,1
17412,1
17414,1
17417,0
17433,1
17437,1
17439,1
17452,1
17466,0
17469,1
17475,1
17480,0
17487,1
17490,0
17494,1
17499,0
17506,1
17515,0
17519,1
17520,1
17534,0
17537,1
17544,0
17545,1
17559,1
17569,0
17589,0
17590,0
17593,0
17597,1
17612,0
17614,0
17617,1
17620,1
17621,1
17623,1
17625,0
17634,1
17637,1
17638,0
17646,0
17652,0
17655,1
17659,0
17662,0
17668,1
17670,0
17673,1
17680,0
17697,0
17698,1
17699,0
17715,1
17720,1
17722,0
17745,1
17748,0
17762,0
17785,0
17789,1
17792,0
17814,1
17818,1
17827,1
17828,1
17841,1
17847,0
17848,0
17849,0
17869,1
17874,1
17876,0
17879,1
17886,0
17890,1
17901,1
17903,0
17916,1
17923,1
17925,1
17934,0
17935,0
17943,0
17949,0
17951,1
17958,1
17959,1
17960,1
17962,0
17976,0
17987,1
17991,0
17994,1
17996,1
18012,1
18035,0
18058,0
18066,0
18069,0
18073,1
18074,0
18075,0
18078,0
18082,1
18083,1
18087,1
18088,0
18106,0
18108,0
18109,1
18116,0
18126,0
18127,1
18129,1
18147,1
18171,1
18174,0
18183,0
18204,1
18222,1
18223,0
18236,0
18240,1
18241,1
18246,1
18251,0
18252,1
18259,0
18282,0
18291,0
18297,1
18298,1
18301,1
18312,0
18324,0
18326,0
18329,1
18334,1
18337,0
18345,0
18346,1
18348,0
18365,1
18368,0
18373,0
18382,1
18390,1
18396,0
18401,0
18404,0
18413,0
18424,1
18426,1
18431,0
18443,1
18446,0
18457,0
18469,1
18471,0
18481,1
18484,0
18488,0
18494,1
18498,1
18505,0
18510,0
18523,0
18527,1
18529,0
18530,1
18534,0
18536,0
18537,1
18538,1
18542,1
18543,1
18545,0
18557,1
18560,0
18563,1
18564,1
18570,0
18577,1
18579,0
18591,0
18598,1
18600,0
18601,1
18605,0
18616,1
18625,1
18627,0
18630,1
18631,0
18639,0
18640,1
18648,0
18654,1
18655,1
18659,1
18671,0
18689,1
18693,0
18694,1
18699,0
18701,1
18702,1
18703,1
18704,0
18711,1
18715,1
18720,0
18747,0
18751,0
18755,1
18767,1
18769,0
18778,0
18782,1
18792,0
18793,0
18813,0
18818,1
18819,1
18822,1
18833,1
18835,0
18844,0
18850,1
18860,0
18865,1
18871,1
18872,0
18877,1
18886,1
18894,0
18905,0
18906,1
18914,0
18919,0
18924,1
18930,1
18942,1
18946,1
18947,1
18959,1
18960,1
18962,1
18972,1
18984,1
18986,0
18989,1
19007,1
19011,1
19016,1
19025,1
19042,1
19045,1
19046,1
19049,1
19054,0
19061,0
19064,0
19071,0
19076,1
19078,0
19083,0
19085,1
19103,1
19117,1
19141,0
19145,1
19149,1
19150,1
19169,1
19178,0
19182,0
19186,0
19201,1
19203,1
19206,1
19213,1
19218,0
19223,1
19224,1
19232,1
19251,1
19252,1
19254,1
19266,1
19269,0
19271,0
19272,1
19275,0
19276,0
19282,0
19286,1
19293,1
19295,1
19296,1
19304,0
19309,0
19313,1
19315,1
19316,1
19318,0
19323,1
19347,1
19349,0
19352,0
19362,1
19366,0
19375,1
19384,0
19386,0
19398,1
19399,1
19404,1
19408,0
19412,1
19413,1
19414,1
19427,0
19443,0
19450,1
19451,0
19454,0
19455,1
19459,1
19471,0
19473,0
19476,0
19478,1
19484,0
19491,1
19493,1
19517,1
19552,1
19554,0
19559,0
19561,1
19562,1
19580,0
19608,1
19627,1
19633,1
19642,0
19643,0
19644,1
19648,1
19650,1
19657,0
19659,0
19669,0
19675,1
19678,1
19701,0
19706,1
19709,0
19715,1
19725,1
19734,1
19737,1
19744,1
19748,1
19755,0
19759,1
19762,0
19763,1
19765,1
19775,1
19791,1
19796,0
19805,1
19811,1
19815,0
19820,0
19827,1
19858,0
19867,1
19877,0
19878,1
19884,0
19907,1
19921,1
19924,0
19928,0
19931,1
19933,0
19941,0
19942,0
19944,0
19945,0
19949,0
19955,1
19956,1
19959,1
19965,1
19967,1
19968,1
19971,1
19974,0
19977,1
19984,0
19985,1
19987,0
19993,0
19994,1
20002,0
20013,1
20036,0
20037,1
20041,1
20045,0
20054,0
20062,1
20068,1
20075,1
20077,0
20078,0
20082,1
20097,1
20098,0
20107,0
20108,0
20121,1
20122,0
20123,1
20126,0
20135,0
20140,0
20143,1
20156,0
20160,1
20178,0
20181,1
20192,1
20205,1
20210,0
20219,1
20230,1
20237,0
20259,1
20260,0
20262,1
20265,1
20266,1
20275,0
20277,0
20283,1
20302,1
20303,0
20307,0
20312,1
20326,1
20332,1
20340,1
20348,1
20354,0
20357,1
20360,1
20361,1
20367,0
20374,1
20377,0
20382,1
20383,0
20385,1
20390,0
20408,1
20409,1
20413,1
20415,1
20420,0
20423,1
20431,1
20454,0
20459,1
20461,0
20468,0
20481,0
20485,1
20499,1
20506,0
20512,1
20531,0
20535,1
20544,1
20552,1
20556,0
20557,1
20558,1
20564,0
20567,0
20584,0
20587,0
20589,1
20591,0
20629,0
20637,1
20647,0
20648,1
20649,0
20650,1
20675,1
20686,0
20698,0
20700,1
20708,1
20713,0
20729,1
20739,0
20770,1
20774,0
20776,1
20777,1
20778,1
20784,0
20786,1
20801,1
20808,1
20814,1
20816,0
20823,0
20826,1
20833,0
20839,0
20842,0
20844,1
20855,0
20864,0
20883,1
20884,0
20885,1
20890,0
20891,1
20896,0
20898,1
20900,0
20905,0
20907,0
20908,0
20911,0
20912,0
20913,1
20924,1
20925,1
20928,1
20933,1
20934,1
20962,0
20963,1
20967,0
20969,1
20970,1
20984,1
20986,0
20989,1
20992,1
21021,1
21022,1
21023,1
21029,1
21030,1
21040,0
21041,0
21043,1
21058,0
21064,1
21067,1
21071,1
21081,1
21089,1
21094,0
21099,0
21106,1
21112,0
21116,0
21118,0
21147,0
21167,1
21172,1
21175,1
21193,0
21199,1
21200,0
21202,1
21203,0
21204,1
21207,0
21215,1
21220,1
21239,1
21245,0
21250,1
21259,1
21265,0
21266,1
21278,0
21282,1
21298,1
21304,0
21309,0
21311,1
21314,0
21328,0
21333,1
21340,1
21344,1
21349,1
21365,1
21366,0
21376,1
21377,1
21381,0
21387,1
21392,1
21415,1
21420,1
21422,0
21426,1
21455,0
21456,1
21469,1
21472,1
21473,1
21476,1
21480,1
21482,0
21519,1
21529,1
21542,1
21544,1
21550,1
21551,0
21555,1
21558,1
21565,0
21574,1
21577,1
21587,0
21597,1
21605,0
21606,0
21608,0
21610,0
21616,0
21621,1
21628,0
21648,1
21652,0
21654,0
21657,1
21664,0
21674,1
21703,1
21722,1
21724,1
21732,1
21735,1
21756,1
21764,1
21770,0
21772,0
21776,1
21783,0
21789,1
21791,0
21805,1
21807,0
21813,1
21820,1
21822,1
21825,1
21828,1
21829,0
21830,0
21850,1
21875,1
21889,1
21891,1
21900,1
21910,1
21927,1
21931,1
21936,1
21940,0
21949,1
21950,0
21951,1
21955,1
21961,1
21962,0
21964,1
21970,0
21974,1
21976,1
21977,1
21990,0
21992,1
22021,1
22046,0
22047,1
22049,1
22063,1
22076,1
22083,1
22086,1
22089,1
22090,0
22091,0
22094,1
22100,1
22103,0
22107,1
22115,1
22116,1
22122,0
22123,0
22127,0
22132,1
22136,1
22137,1
22147,1
22151,0
22155,0
22159,0
22166,1
22171,0
22184,1
22190,1
22206,0
22211,0
22217,1
22222,0
22224,1
22229,1
22231,1
22233,1
22234,0
22235,1
22239,0
22243,1
22246,0
22250,1
22259,1
22262,0
22269,0
22270,1
22279,0
22281,1
22284,1
22288,1
22290,1
22293,1
22315,0
22325,0
22333,0
22334,1
22342,1
22343,0
22353,1
22357,0
22358,1
22360,0
22363,0
22371,0
22377,1
22379,1
22381,0
22388,1
22398,0
22406,1
22423,1
22428,1
22431,0
22440,1
22447,0
22451,1
22452,1
22456,1
22459,1
22463,1
22475,0
22481,1
22483,1
22507,1
22528,1
22542,1
22556,0
22563,1
22572,0
22577,1
22582,1
22584,0
22588,0
22605,1
22613,0
22628,0
22630,1
22642,1
22648,1
22657,1
22667,1
22669,1
22671,0
22675,1
22682,1
22684,1
22693,0
22708,1
22715,1
22717,1
22718,0
22719,1
22720,1
22727,1
22734,0
22735,1
22754,1
22770,1
22771,0
22776,1
22777,1
22781,1
22783,1
22789,1
22794,0
22801,0
22802,0
22809,0
22820,0
22826,1
22828,1
22832,0
22833,0
22834,1
22837,0
22841,1
22855,1
22871,1
22877,0
22881,0
22890,1
22891,1
22896,1
22898,1
22907,1
22914,1
22919,1
22930,1
22936,1
22945,1
22946,1
22957,1
22962,0
22963,1
22970,0
22973,1
22977,0
22978,1
22980,0
22988,0
22994,0
22996,0
22997,1
23000,0
23002,1
23019,0
23028,0
23040,0
23043,0
23046,1
23049,0
23053,1
23063,0
23073,0
23080,0
23081,0
23089,1
23097,0
23098,1
23100,0
23104,1
23113,0
23131,1
23136,1
23144,1
23149,0
23155,1
23170,0
23173,0
23180,1
23188,1
23189,1
23205,1
23206,0
23210,1
23218,1
23226,0
23239,0
23244,1
23248,0
23252,1
23277,1
23279,0
23284,0
23290,0
23297,1
23305,1
23316,1
23320,0
23338,0
23349,0
23362,1
23368,1
23371,0
23376,1
23380,0
23386,0
23388,1
23394,1
23397,1
23416,1
23439,0
23442,1
23444,1
23447,1
23450,1
23452,1
23471,1
23475,1
23478,1
23486,1
23490,1
23491,1
23495,1
23497,1
23500,1
23502,0
23517,0
23520,1
23521,1
23523,0
23535,1
23554,0
23560,0
23563,1
23565,1
23568,1
23569,1
23570,0
23574,1
23578,1
23580,1
23596,0
23597,1
23599,1
23608,0
23614,0
23619,0
23624,0
23633,1
23652,1
23666,1
23673,0
23675,1
23689,1
23692,1
23693,1
23694,1
23698,0
23699,1
23701,1
23709,0
23712,1
23719,1
23730,1
23732,1
23742,1
23749,1
23752,1
23760,1
23771,0
23777,1
23788,1
23801,0
23802,1
23805,0
23807,0
23811,1
23813,0
23838,1
23839,1
23854,0
23856,0
23860,1
23870,1
23876,0
23881,1
23884,1
23885,0
23886,1
23889,1
23894,1
23908,1
23912,0
23917,1
23919,0
23921,0
23923,1
23928,0
23933,1
23935,0
23939,1
23943,0
23945,0
23952,1
23957,1
23963,0
23965,1
23968,1
23970,1
23971,0
23973,0
23977,1
23982,1
23990,1
24001,0
24007,0
24012,1
24014,1
24021,0
24043,0
24052,1
24054,1
24061,1
24072,1
24077,1
24087,0
24090,0
24097,0
24103,0
24113,0
24120,1
24133,0
24142,1
24153,0
24173,1
24194,1
24198,1
24200,1
24207,1
24211,0
24212,1
24216,1
24220,0
24222,1
24250,0
24257,1
24258,1
24260,1
24262,1
24273,0
24279,0
24286,1
24287,1
24291,1
24312,1
24318,0
24320,0
24333,0
24342,1
24359,1
24360,1
24366,0
24368,0
24382,1
24391,1
24402,1
24419,1
24422,0
24425,0
24430,0
24438,1
24454,1
24457,1
24461,1
24482,1
24489,1
24497,0
24499,0
24504,1
24506,1
24509,1
24516,0
24517,1
24524,0
24533,1
24538,1
24539,0
24543,1
24547,1
24554,0
24558,1
24570,0
24573,1
24578,0
24579,0
24601,0
24602,0
24605,1
24619,0
24629,1
24631,0
24643,0
24644,1
24647,1
24649,0
24651,1
24667,0
24668,1
24672,1
24697,1
24706,0
24710,1
24714,0
24716,0
24719,1
24729,1
24733,1
24739,1
24751,1
24765,0
24767,1
24770,0
24784,1
24791,0
24796,1
24799,0
24816,1
24825,1
24836,1
24845,1
24849,0
24864,1
24866,0
24868,0
24872,1
24897,0
24901,0
24907,0
24914,1
24922,1
24925,1
24936,0
24941,0
24949,1
24950,1
24961,1
24970,1
24973,1
24975,1
24984,1
24997,1
24999,0
25008,1
25011,0
25012,0
25015,0
25022,1
25023,1
25035,0
25037,1
25044,0
25051,0
25059,1
25062,1
25067,0
25069,1
25072,0
25073,1
25086,1
25092,1
25095,0
25097,0
25101,0
25103,0
25109,0
25111,1
25116,1
25118,0
25119,1
25120,1
25122,1
25143,0
25153,1
25161,1
25163,1
25172,1
25175,0
25181,0
25193,0
25204,1
25205,0
25214,1
25215,0
25216,1
25218,1
25220,1
25221,0
25230,1
25235,1
25239,1
25240,1
25248,0
25250,0
25252,1
25253,0
25254,0
25259,1
25267,0
25276,0
25281,0
25282,1
25284,1
25288,1
25289,0
25300,0
25302,0
25309,0
25319,0
25321,1
25336,1
25338,1
25340,1
25350,1
25354,1
25363,0
25367,0
25370,1
25374,1
25375,1
25376,0
25379,1
25382,1
25388,1
25393,0
25425,1
25427,1
25440,0
25441,1
25442,1
25443,1
25446,0
25450,0
25458,0
25460,1
25468,0
25469,1
25470,1
25476,1
25479,0
25480,0
25481,1
25484,0
25492,1
25497,1
25498,1
25507,0
25528,0
25538,0
25543,0
25551,0
25556,1
25577,0
25581,1
25585,0
25592,0
25593,1
25594,1
25595,1
25602,1
25612,1
25628,0
25629,0
25641,1
25642,1
25644,1
25645,1
25650,0
25655,0
25668,1
25673,0
25676,0
25684,1
25689,0
25691,0
25707,1
25720,1
25725,0
25728,1
25734,0
25740,1
25742,1
25744,0
25746,1
25752,1
25754,1
25756,1
25757,1
25763,1
25775,0
25780,1
25781,1
25789,0
25791,1
25793,1
25801,0
25806,1
25809,0
25819,0
25823,0
25824,0
25835,1
25847,1
25856,0
25858,1
25872,1
25877,1
25881,0
25886,1
25913,1
25914,1
25926,0
25928,1
25933,0
25944,0
25953,1
25956,1
25958,1
25959,0
25962,0
25967,0
25968,0
25969,1
25974,1
25977,1
25981,0
25984,1
25997,1
26001,0
26005,1
26012,1
26018,0
26021,0
26036,1
26060,0
26081,0
26092,1
26095,0
26099,0
26102,0
26109,1
26113,0
26114,1
26115,0
26133,0
26142,1
26147,1
26155,1
26169,1
26171,1
26186,0
26191,1
26206,1
26208,1
26212,0
26213,1
26218,1
26222,1
26224,1
26225,1
26233,1
26242,1
26244,0
26258,1
26266,0
26273,0
26275,0
26280,0
26293,1
26307,0
26309,1
26324,0
26325,1
26327,0
26335,1
26339,0
26340,0
26342,0
26344,1
26366,1
26368,1
26393,0
26397,1
26398,1
26401,1
26403,1
26405,1
26406,0
26423,1
26426,0
26438,1
26453,0
26456,1
26463,1
26464,1
26494,1
26504,1
26515,0
26523,0
26528,1
26529,0
26545,0
26556,1
26574,1
26583,0
26590,0
26611,1
26615,0
26620,0
26638,0
26652,0
26654,1
26661,1
26669,1
26684,1
26701,1
26704,0
26712,1
26717,0
26723,1
26730,1
26732,1
26733,0
26740,1
26746,1
26750,1
26800,0
26801,0
26810,1
26812,1
26816,1
26832,1
26836,0
26848,1
26859,1
26865,1
26868,0
26872,0
26874,1
26880,0
26884,0
26888,0
26901,0
26913,1
26916,0
26925,1
26932,0
26939,1
26946,1
26948,0
26949,1
26965,0
26969,1
26983,1
26986,1
26988,0
26992,1
26994,1
27015,0
27017,1
27022,0
27031,1
27034,1
27036,1
27040,1
27044,0
27047,1
27054,1
27055,0
27061,0
27064,1
27073,1
27074,1
27077,1
27081,0
27084,1
27097,0
27112,1
27113,1
27114,1
27115,0
27119,0
27123,1
27134,1
27142,0
27144,0
27147,1
27150,0
27151,1
27152,0
27158,1
27184,1
27186,1
27195,1
27202,1
27215,1
27218,0
27219,0
27231,0
27237,1
27240,1
27251,0
27252,1
27261,1
27263,0
27267,0
27271,0
27277,1
27279,1
27280,0
27296,1
27300,1
27305,1
27308,0
27325,1
27332,0
27333,1
27349,0
27370,0
27377,0
27378,0
27396,0
27397,1
27401,0
27402,0
27403,1
27404,1
27406,0
27411,0
27414,0
27417,0
27435,1
27443,1
27450,0
27463,0
27465,1
27469,1
27474,1
27477,0
27481,0
27488,1
27489,1
27494,0
27496,1
27500,0
27501,1
27511,0
27512,1
27514,0
27529,0
27531,1
27532,1
27548,1
27549,1
27566,1
27567,0
27572,0
27578,1
27589,0
27595,0
27596,0
27598,1
27602,1
27607,1
27618,0
27620,1
27624,1
27625,0
27631,1
27633,1
27638,1
27645,1
27647,0
27672,0
27676,1
27681,0
27682,0
27683,1
27686,1
27690,1
27692,1
27694,0
27695,1
27713,1
27719,1
27727,0
27738,1
27760,1
27762,0
27763,0
27765,0
27772,1
27776,0
27779,1
27792,0
27799,1
27825,0
27826,1
27828,0
27829,1
27834,0
27843,0
27846,1
27848,0
27852,0
27856,1
27862,0
27869,0
27880,0
27885,1
27894,0
27898,0
27904,1
27905,1
27907,0
27909,0
27912,0
27915,0
27942,0
27943,0
27951,1
27953,1
27958,1
27975,1
28015,1
28028,1
28036,1
28053,1
28059,0
28062,0
28079,0
28083,1
28101,0
28106,0
28109,1
28112,1
28119,1
28123,0
28129,1
28133,1
28139,0
28143,0
28152,1
28170,0
28182,0
28185,1
28187,0
28189,0
28191,0
28192,0
28194,1
28207,0
28213,1
28236,0
28243,0
28244,0
28246,1
28250,1
28262,1
28281,1
28283,1
28284,0
28296,1
28299,0
28300,0
28302,1
28309,1
28318,1
28319,0
28335,1
28336,1
28348,0
28352,0
28354,0
28355,1
28357,0
28358,1
28363,0
28365,1
28366,1
28377,1
28381,0
28395,0
28405,0
28407,0
28408,1
28417,1
28418,1
28425,1
28428,0
28429,0
28434,0
28435,1
28438,1
28439,0
28440,0
28444,1
28448,1
28452,0
28454,0
28457,0
28461,1
28469,0
28482,1
28484,0
28485,1
28493,1
28498,1
28499,1
28502,0
28510,1
28511,1
28514,1
28525,0
28534,0
28540,0
28542,1
28545,1
28546,1
28550,1
28552,0
28555,1
28560,0
28577,0
28588,1
28592,1
28605,0
28608,0
28617,1
28618,0
28628,1
28634,1
28637,1
28647,1
28649,0
28669,0
28670,1
28677,1
28681,0
28682,0
28686,0
28687,1
28697,1
28720,1
28738,1
28739,1
28741,0
28743,1
28744,0
28753,1
28754,0
28758,0
28761,0
28762,0
28766,1
28767,1
28776,1
28777,1
28780,1
28783,0
28788,0
28792,0
28794,0
28810,0
28811,1
28834,0
28836,0
28850,1
28857,1
28858,0
28859,0
28863,1
28871,0
28872,1
28877,1
28880,0
28883,0
28884,0
28889,0
28912,0
28931,1
28943,1
28945,1
28946,0
28958,1
28959,0
28961,1
28990,1
29009,1
29010,1
29043,0
29046,1
29049,0
29071,1
29072,1
29094,1
29099,1
29105,0
29119,1
29122,0
29123,0
29128,1
29130,1
29136,0
29138,1
29139,1
29146,0
29147,1
29151,1
29153,1
29163,1
29164,0
29171,1
29178,1
29203,0
29208,0
29209,1
29225,1
29229,1
29236,1
29243,1
29249,0
29251,0
29254,0
29262,0
29276,0
29281,1
29290,1
29291,0
29293,0
29296,1
29301,1
29304,0
29305,1
29312,1
29314,0
29325,0
29328,1
29329,1
29332,0
29335,1
29337,1
29344,1
29356,0
29361,1
29364,1
29366,1
29369,1
29397,1
29399,1
29405,1
29409,0
29414,0
29422,1
29424,1
29428,1
29438,0
29440,1
29446,0
29451,0
29480,0
29482,1
29496,0
29508,0
29509,0
29511,0
29513,1
29515,0
29523,1
29524,1
29532,0
29537,1
29545,1
29547,1
29549,0
29552,0
29557,1
29562,1
29566,1
29570,1
29584,0
29606,0
29608,1
29614,1
29616,0
29624,0
29627,1
29639,1
29684,1
29689,0
29699,1
29706,1
29708,1
29712,1
29713,0
29715,0
29719,1
29724,0
29734,0
29738,1
29742,0
29745,0
29746,0
29771,0
29781,1
29790,1
29799,0
29815,1
29824,0
29829,0
29831,1
29839,0
29845,1
29856,1
29859,0
29871,0
29884,0
29891,0
29898,0
29907,1
29911,1
29934,0
29937,0
29942,0
29944,1
29949,0
29959,0
29977,1
29979,0
29983,1
29987,1
29995,1
29997,1
30021,0
30026,1
30036,1
30056,0
30060,1
30071,1
30075,1
30078,0
30111,1
30125,0
30146,1
30163,0
30166,0
30169,1
30171,0
30183,1
30193,0
30197,0
30198,0
30201,1
30209,0
30215,0
30230,1
30237,1
30254,0
30258,1
30260,0
30262,1
30266,1
30269,1
30275,0
30297,0
30307,1
30313,0
30315,0
30324,1
30325,0
30327,1
30340,0
30347,1
30363,1
30364,0
30367,0
30375,1
30379,1
30391,0
30400,0
30403,0
30406,0
30407,0
30408,1
30420,1
30427,0
30435,0
30436,1
30462,0
30468,1
30473,1
30475,0
30479,1
30486,1
30487,1
30498,1
30499,0
30502,1
30511,1
30537,1
30544,0
30547,1
30551,1
30555,1
30556,0
30566,1
30567,1
30574,1
30579,1
30584,0
30589,1
30594,1
30602,0
30615,1
30617,0
30621,1
30624,1
30633,1
30636,0
30640,1
30641,1
30642,0
30654,1
30657,0
30659,1
