Id,BldgType,HouseStyle,OverallQual,GrLivArea,SalePrice,Neighborhood,LotArea,TotRmsAbvGrd
15,1Fam,1Story,6,1253,157000,NAmes,10920,5
17,1Fam,1Story,6,1004,149000,NAmes,11241,5
20,1Fam,1Story,5,1339,139000,NAmes,7560,6
27,1Fam,1Story,5,900,134800,NAmes,7200,5
29,1Fam,1Story,5,1600,207500,NAmes,16321,6
34,1Fam,1Story,5,1700,165500,NAmes,10552,6
38,1Fam,1Story,5,1297,153000,NAmes,8532,5
39,1Fam,1Story,5,1057,109000,NAmes,7922,5
41,1Fam,1Story,6,1324,160000,NAmes,8658,6
45,1Fam,1Story,5,1150,141000,NAmes,7945,6
55,1Fam,SLvl,5,1360,130000,NAmes,7134,6
56,1Fam,1Story,6,1425,180500,NAmes,10175,7
67,1Fam,1Story,7,2207,180000,NAmes,19900,7
71,1Fam,1Story,7,2223,244000,NAmes,13651,8
74,1Fam,1Story,5,1086,144900,NAmes,10200,6
77,1Fam,1Story,4,952,135750,NAmes,8475,4
81,1Fam,2Story,6,2142,193500,NAmes,13000,8
84,1Fam,1Story,5,1065,126500,NAmes,8892,6
91,1Fam,1Story,4,1040,109900,NAmes,7200,4
92,1Fam,1Story,5,1235,98600,NAmes,8500,6
100,1Fam,1Story,4,1225,128950,NAmes,9320,6
123,1Fam,1Story,6,1080,136000,NAmes,9464,5
129,1Fam,2Story,6,1348,155000,NAmes,7590,6
130,1Fam,1Story,5,1053,150000,NAmes,8973,6
131,1Fam,2Story,7,2157,226000,NAmes,14200,8
133,1Fam,1Story,5,1327,150750,NAmes,7388,7
137,1Fam,1Story,5,1214,143000,NAmes,10355,5
141,1Fam,1Story,4,864,115000,NAmes,10500,5
143,1Fam,1.5Fin,5,1385,166000,NAmes,8520,6
157,1Fam,1Story,5,1040,109500,NAmes,7200,5
172,1Fam,1Story,6,1656,215000,NAmes,31770,7
174,1Fam,1Story,6,1362,163000,NAmes,10197,6
192,1Fam,2Story,7,1479,184000,NAmes,7472,7
198,1Fam,2Story,8,3112,235000,NAmes,25419,8
208,1Fam,1Story,4,1100,141000,NAmes,12493,6
210,1Fam,1Story,6,1092,145000,NAmes,8250,6
216,1Fam,1Story,5,1236,134450,NAmes,10011,6
224,1Fam,1Story,4,864,97000,NAmes,10500,4
231,1Fam,1Story,6,1194,148000,NAmes,8760,6
248,1Fam,1Story,6,1375,140000,NAmes,11310,5
254,1Fam,SLvl,6,1302,158000,NAmes,9350,7
255,1Fam,1Story,5,1314,145000,NAmes,8400,5
261,1Fam,SLvl,6,1382,176000,NAmes,19296,6
274,1Fam,1Story,6,1632,139000,NAmes,9600,6
287,1Fam,1.5Fin,6,1734,159000,NAmes,9786,7
288,1Fam,1Story,4,858,88000,NAmes,8125,5
295,1Fam,1Story,6,1644,167000,NAmes,9600,7
312,1Fam,1Story,6,972,132000,NAmes,8000,5
325,1Fam,SLvl,7,2978,242000,NAmes,11275,11
328,1Fam,1Story,6,1383,145250,NAmes,11600,7
331,Duplex,1Story,5,1728,119000,NAmes,10624,10
332,1Fam,1Story,5,1056,139000,NAmes,8176,6
340,1Fam,1Story,6,1215,155000,NAmes,12400,6
343,Duplex,1Story,3,1040,87500,NAmes,8544,6
347,1Fam,1Story,6,958,151500,NAmes,12772,5
348,1Fam,1Story,6,1478,157500,NAmes,17600,6
367,1Fam,1Story,6,1394,159000,NAmes,9500,6
368,1Fam,SLvl,6,1431,165000,NAmes,9150,6
369,1Fam,1Story,5,1268,132000,NAmes,7800,7
370,1Fam,1Story,5,1287,162000,NAmes,9830,7
374,1Fam,1Story,5,1319,123000,NAmes,10634,5
393,1Fam,1Story,5,882,106500,NAmes,8339,5
398,1Fam,2Story,5,1812,169500,NAmes,7590,8
420,1Fam,1Story,5,1056,142000,NAmes,8450,6
425,1Fam,1Story,6,1196,139000,NAmes,9000,6
428,1Fam,1Story,4,907,109008,NAmes,8593,5
447,1Fam,1Story,6,1888,190000,NAmes,16492,6
467,1Fam,1Story,7,1277,167000,NAmes,10628,5
468,1Fam,2Story,5,1644,146500,NAmes,9480,7
486,1Fam,1Story,5,1113,147000,NAmes,9600,5
487,1Fam,1Story,5,1073,156000,NAmes,10289,6
492,1Fam,1.5Fin,6,1578,133000,NAmes,9490,5
494,1Fam,1Story,5,1269,155000,NAmes,7931,6
500,1Fam,1Story,5,912,120000,NAmes,7535,5
510,1Fam,1Story,5,1041,124500,NAmes,9600,6
511,1Fam,1Story,5,1363,164900,NAmes,14559,6
513,1Fam,1Story,5,864,129900,NAmes,9100,5
522,1Fam,1Story,6,1244,150000,NAmes,11988,6
527,1Fam,1Story,5,928,132000,NAmes,13300,4
533,1Fam,1Story,5,827,107500,NAmes,7200,5
538,1Fam,1Story,4,864,111250,NAmes,12735,5
544,TwnhsE,SFoyer,7,767,133000,NAmes,4058,4
557,1Fam,1Story,5,1092,141000,NAmes,14850,6
570,Duplex,SFoyer,5,943,135960,NAmes,7032,4
571,Duplex,1Story,5,1728,142600,NAmes,13101,10
572,1Fam,1Story,6,864,120000,NAmes,7332,4
575,1Fam,SLvl,5,1109,139000,NAmes,10500,5
576,1Fam,1.5Fin,5,1216,118500,NAmes,8480,6
581,1Fam,1Story,6,1429,181900,NAmes,14585,7
606,1Fam,2Story,7,1986,205000,NAmes,13600,7
616,1Fam,SFoyer,6,1054,137500,NAmes,8800,6
618,1Fam,1.5Unf,6,832,105500,NAmes,7227,4
626,1Fam,1Story,6,1116,160000,NAmes,10000,5
627,1Fam,1Story,5,1422,139900,NAmes,12342,6
628,1Fam,SLvl,6,1520,153000,NAmes,9600,7
629,1Fam,2Story,5,2080,135000,NAmes,11606,9
630,1Fam,SLvl,6,1350,168500,NAmes,9020,6
634,1Fam,1Story,5,1056,139400,NAmes,9250,6
643,1Fam,SLvl,8,2704,345000,NAmes,13860,9
646,1Fam,1Story,6,981,143250,NAmes,10530,5
647,1Fam,1Story,5,1048,98300,NAmes,7200,7
649,1Fam,2Story,6,1839,155000,NAmes,7700,7
657,1Fam,1Story,5,1053,145500,NAmes,10007,5
659,1Fam,1.5Fin,6,1458,97500,NAmes,17503,6
663,1Fam,1Story,6,1392,110000,NAmes,13560,5
667,1Fam,2Story,6,2380,129000,NAmes,18450,7
675,1Fam,1Story,6,1136,140000,NAmes,9200,5
723,1Fam,1Story,4,864,124500,NAmes,8120,5
726,1Fam,1Story,4,864,120500,NAmes,6960,5
729,Duplex,1Story,5,1776,110000,NAmes,11475,9
737,Duplex,1Story,3,1040,93500,NAmes,8544,6
755,1Fam,1Story,6,1026,156000,NAmes,7930,5
761,1Fam,1Story,6,864,127500,NAmes,9100,5
774,1Fam,1Story,5,912,114500,NAmes,10150,5
798,1Fam,1Story,5,773,110000,NAmes,7677,4
805,1Fam,1Story,5,1128,118000,NAmes,9000,5
807,1Fam,SLvl,5,980,135500,NAmes,9750,6
809,1Fam,SLvl,5,1086,159950,NAmes,13400,6
814,1Fam,1Story,6,1442,157900,NAmes,9750,7
817,1Fam,1Story,5,1008,137000,NAmes,11425,4
831,1Fam,1Story,6,1392,166000,NAmes,11900,6
834,1Fam,1Story,6,1516,167000,NAmes,10004,6
835,1Fam,1Story,5,1144,139950,NAmes,7875,6
843,1Fam,SLvl,6,1165,174900,NAmes,9020,6
844,Duplex,1Story,5,1800,141000,NAmes,8000,10
854,1Fam,SLvl,6,1445,158000,NAmes,12095,7
864,1Fam,1Story,5,1148,132500,NAmes,7931,6
866,1Fam,1Story,5,1002,148500,NAmes,8750,5
871,1Fam,1Story,5,894,109500,NAmes,6600,5
873,1Fam,1Story,5,910,116000,NAmes,8892,5
874,1Fam,1Story,5,1268,133000,NAmes,12144,6
885,1Fam,1Story,5,892,100000,NAmes,7150,5
887,Duplex,1Story,5,1712,145000,NAmes,8393,8
889,1Fam,1Story,8,2217,268000,NAmes,15865,8
890,1Fam,1Story,6,1505,149500,NAmes,12160,6
891,1Fam,1.5Fin,5,924,122900,NAmes,8064,6
896,1Fam,2Story,6,1796,140000,NAmes,7056,8
901,1Fam,1Story,4,858,110000,NAmes,7340,4
902,1Fam,1Story,5,1306,153000,NAmes,8712,5
906,1Fam,1Story,5,1063,128000,NAmes,9920,6
911,Duplex,2Story,5,2274,154300,NAmes,11600,12
920,1Fam,1Story,6,1414,176500,NAmes,11029,6
932,1Fam,1Story,5,925,117500,NAmes,9100,5
935,1Fam,1Story,7,2069,242000,NAmes,27650,9
947,1Fam,SLvl,5,1144,143000,NAmes,8163,6
951,1Fam,1Story,5,864,129000,NAmes,7200,5
968,1Fam,1Story,5,1098,135000,NAmes,7390,6
970,2fmCon,SLvl,6,1095,140000,NAmes,10382,6
971,1Fam,1.5Fin,4,1192,135000,NAmes,10800,6
981,1Fam,SFoyer,7,999,178400,NAmes,12122,6
993,1Fam,2Story,6,1851,187000,NAmes,9760,7
997,1Fam,1Story,5,1050,136500,NAmes,10659,6
1007,1Fam,1Story,6,1657,163500,NAmes,12155,7
1015,1Fam,1Story,6,1082,119200,NAmes,11664,5
1027,1Fam,1Story,5,1264,167500,NAmes,9300,6
1029,1Fam,1.5Fin,5,1376,105000,NAmes,9492,6
1053,1Fam,2Story,6,1977,165000,NAmes,9500,9
1065,1Fam,1Story,5,1154,154000,NAmes,11000,6
1068,1Fam,2Story,6,1611,167900,NAmes,9760,7
1070,1Fam,1.5Unf,5,893,135000,NAmes,9600,4
1071,1Fam,1Story,5,1048,135000,NAmes,10152,6
1078,1Fam,1Story,5,1096,138800,NAmes,15870,6
1084,1Fam,1Story,6,1251,160000,NAmes,8800,6
1091,Duplex,1Story,3,1040,92900,NAmes,8544,6
1094,1Fam,1Story,5,1200,146000,NAmes,9230,6
1095,1Fam,1Story,5,936,129000,NAmes,5868,4
1102,1Fam,1Story,5,950,119500,NAmes,9758,5
1103,1Fam,1Story,5,1134,135000,NAmes,7000,6
1104,1Fam,1Story,6,1194,159500,NAmes,8910,6
1113,1Fam,1Story,5,816,129900,NAmes,7100,5
1114,1Fam,1Story,5,1008,134500,NAmes,8923,6
1120,1Fam,1Story,5,1040,133700,NAmes,7560,6
1126,1Fam,1Story,4,1005,115000,NAmes,10434,5
1137,1Fam,1.5Fin,6,1252,119000,NAmes,9600,6
1141,1Fam,1Story,5,952,139000,NAmes,7350,4
1151,1Fam,1Story,6,932,124000,NAmes,8280,4
1155,1Fam,2Story,7,1820,201800,NAmes,13700,8
1157,1Fam,SLvl,5,1265,179900,NAmes,9350,6
1172,1Fam,1Story,6,1261,163000,NAmes,9120,6
1201,1Fam,1Story,4,864,116050,NAmes,9353,5
1209,1Fam,1Story,5,1283,140000,NAmes,7763,6
1215,1Fam,SFoyer,5,999,134500,NAmes,10205,6
1221,1Fam,1Story,5,912,115000,NAmes,7800,5
1223,1Fam,1.5Fin,6,1846,143000,NAmes,10496,7
1224,1Fam,1Story,5,2136,137900,NAmes,10680,7
1226,1Fam,SLvl,6,1138,145000,NAmes,10482,6
1228,1Fam,1Story,5,912,147000,NAmes,8872,5
1230,1Fam,SLvl,5,1507,127000,NAmes,7910,7
1232,Duplex,SLvl,5,1190,132500,NAmes,7728,6
1233,Duplex,1Story,4,1224,101800,NAmes,9842,6
1234,1Fam,1Story,5,1188,142000,NAmes,12160,6
1250,1Fam,1Story,5,988,119000,NAmes,7200,6
1251,1Fam,1Story,7,2110,244000,NAmes,11160,8
1260,1Fam,1Story,6,1054,151000,NAmes,9750,6
1262,1Fam,1Story,5,1050,128900,NAmes,9600,5
1265,TwnhsE,1Story,6,1337,181000,NAmes,4060,5
1270,1Fam,1.5Fin,5,1524,144000,NAmes,11344,7
1276,Duplex,2Story,5,1920,137000,NAmes,11345,10
1291,1Fam,SLvl,5,1152,180500,NAmes,14112,6
1296,1Fam,1Story,5,1052,138500,NAmes,8400,5
1297,1Fam,1Story,5,1128,155000,NAmes,8700,6
1300,1Fam,1Story,5,1246,154000,NAmes,7500,6
1316,1Fam,2Story,6,2112,206900,NAmes,11075,9
1321,1Fam,1Story,6,1478,156500,NAmes,8400,6
1341,1Fam,1Story,4,872,123000,NAmes,8294,5
1351,Duplex,2Story,5,2634,200000,NAmes,11643,12
1352,1Fam,2Story,6,1716,171000,NAmes,9247,8
1357,1Fam,1Story,5,892,110000,NAmes,9477,5
1358,1Fam,1Story,5,1078,149900,NAmes,12537,6
1363,1Fam,1.5Fin,4,1738,104900,NAmes,12513,7
1372,1Fam,SLvl,6,1661,165500,NAmes,9600,8
1382,1Fam,1Story,6,2117,237500,NAmes,12925,7
1392,Duplex,1Story,5,1584,124000,NAmes,8944,8
1393,1Fam,SFoyer,5,900,123000,NAmes,7838,6
1399,1Fam,1.5Fin,5,1904,138000,NAmes,7200,7
1412,1Fam,1.5Fin,6,1668,140000,NAmes,9600,6
1413,Duplex,1Story,4,1040,90000,NAmes,7200,6
1419,1Fam,1Story,5,1144,124000,NAmes,9204,6
1425,1Fam,1Story,5,1344,144000,NAmes,9503,6
1426,1Fam,1Story,6,1252,142000,NAmes,10721,7
1428,1Fam,1.5Fin,5,1558,140000,NAmes,10930,6
1436,1Fam,1Story,6,1537,174000,NAmes,8400,7
1437,1Fam,1Story,4,864,120500,NAmes,9000,5
1451,Duplex,2Story,5,1792,136000,NAmes,9000,8
1459,1Fam,1Story,5,1078,142125,NAmes,9717,5
5,1Fam,2Story,8,2198,250000,NoRidge,14260,9
86,1Fam,2Story,8,2417,260000,NoRidge,16059,9
227,1Fam,2Story,7,2520,290000,NoRidge,9950,9
232,1Fam,2Story,8,2794,403000,NoRidge,15138,9
273,1Fam,2Story,8,2270,290000,NoRidge,11764,9
319,1Fam,2Story,7,2646,260000,NoRidge,9900,9
360,1Fam,2Story,8,1924,280000,NoRidge,12011,7
404,1Fam,2Story,8,2263,258000,NoRidge,12090,10
424,1Fam,2Story,8,2630,315000,NoRidge,9200,8
497,1Fam,1Story,8,3228,430000,NoRidge,12692,10
518,1Fam,2Story,7,2344,265000,NoRidge,10208,7
525,1Fam,2Story,7,2398,315750,NoRidge,11787,8
542,1Fam,2Story,8,2285,248000,NoRidge,11000,8
565,1Fam,2Story,7,2295,268000,NoRidge,13346,9
655,1Fam,1Story,8,2113,350000,NoRidge,10437,7
662,1Fam,2Story,8,2448,402000,NoRidge,46589,8
685,1Fam,2Story,7,1839,221000,NoRidge,16770,7
692,1Fam,2Story,10,4316,755000,NoRidge,21535,10
719,1Fam,2Story,7,2418,341000,NoRidge,10542,9
749,1Fam,1Story,7,1720,260400,NoRidge,10593,7
760,1Fam,2Story,8,2531,290000,NoRidge,12257,9
764,1Fam,2Story,8,2365,337000,NoRidge,9430,8
793,1Fam,2Story,7,2013,269790,NoRidge,9920,8
982,1Fam,2Story,8,2612,336000,NoRidge,12203,8
991,1Fam,2Story,8,2392,348000,NoRidge,9452,7
1033,1Fam,2Story,8,2520,310000,NoRidge,14541,10
1058,1Fam,2Story,7,1850,248000,NoRidge,29959,7
1106,1Fam,2Story,8,2622,325000,NoRidge,12256,9
1170,1Fam,2Story,10,3627,625000,NoRidge,35760,10
1176,1Fam,1.5Fin,8,2872,285000,NoRidge,10678,9
1183,1Fam,2Story,10,4476,745000,NoRidge,15623,10
1188,1Fam,1Story,8,1624,262000,NoRidge,12461,5
1257,1Fam,1Story,8,1987,301500,NoRidge,14303,7
1303,1Fam,2Story,8,2526,290000,NoRidge,10120,8
1313,1Fam,2Story,8,2810,302000,NoRidge,9572,9
1314,1Fam,2Story,9,2599,333168,NoRidge,14774,10
1323,1Fam,2Story,7,1923,190000,NoRidge,10186,8
1354,1Fam,1.5Fin,8,3238,410000,NoRidge,14720,9
1374,1Fam,1Story,10,2633,466500,NoRidge,11400,8
1418,1Fam,2Story,8,2450,340000,NoRidge,16545,7
1427,1Fam,2Story,7,2127,271000,NoRidge,10944,5
127,TwnhsE,1Story,6,958,128000,NPkVill,4928,5
196,Twnhs,2Story,6,1456,148500,NPkVill,2280,7
505,TwnhsE,2Story,6,1322,147000,NPkVill,2308,6
551,TwnhsE,1Story,6,1069,140000,NPkVill,4043,4
676,Twnhs,2Story,6,1441,148500,NPkVill,2289,7
963,TwnhsE,2Story,6,1548,155000,NPkVill,2308,7
1161,Twnhs,2Story,6,1456,146000,NPkVill,2280,7
1422,TwnhsE,1Story,6,1069,127500,NPkVill,4043,4
1432,TwnhsE,1Story,6,958,143750,NPkVill,4928,5
12,1Fam,2Story,9,2324,345000,NridgHt,11924,11
21,1Fam,2Story,8,2376,325300,NridgHt,14215,9
26,1Fam,1Story,8,1600,256300,NridgHt,14230,7
28,1Fam,1Story,8,1704,306000,NridgHt,11478,7
35,TwnhsE,1Story,9,1561,277500,NridgHt,7313,6
36,1Fam,2Story,8,2452,309000,NridgHt,13418,9
46,TwnhsE,1Story,9,1752,319900,NridgHt,7658,6
63,TwnhsE,1Story,8,1370,202500,NridgHt,6442,6
66,1Fam,2Story,8,2473,317000,NridgHt,9591,9
152,1Fam,1Story,8,1710,372402,NridgHt,13891,6
162,1Fam,2Story,9,2668,412500,NridgHt,13688,10
163,1Fam,1Story,7,1541,220000,NridgHt,12182,7
168,1Fam,2Story,8,2161,325624,NridgHt,10562,8
200,1Fam,1Story,8,1713,274900,NridgHt,9591,7
225,1Fam,1Story,10,2392,386250,NridgHt,13472,8
239,1Fam,1Story,8,1694,318000,NridgHt,12030,7
279,1Fam,1Story,9,2121,415298,NridgHt,14450,8
283,Twnhs,1Story,7,1314,207500,NridgHt,5063,6
310,1Fam,1Story,9,1944,360000,NridgHt,12378,8
321,1Fam,2Story,9,2596,342643,NridgHt,16259,9
322,1Fam,2Story,8,2468,354000,NridgHt,12099,10
333,1Fam,1Story,8,1629,284000,NridgHt,10655,7
334,TwnhsE,1Story,7,1358,207000,NridgHt,8198,6
344,TwnhsE,1Story,9,1684,266000,NridgHt,8849,6
349,Twnhs,2Story,7,1626,154000,NridgHt,2448,6
350,1Fam,2Story,9,2728,437154,NridgHt,20431,10
351,TwnhsE,1Story,9,1869,318061,NridgHt,7820,6
390,1Fam,2Story,10,2332,426000,NridgHt,12474,9
409,1Fam,2Story,7,2172,280000,NridgHt,14154,9
441,1Fam,1Story,10,2402,555000,NridgHt,15431,10
469,1Fam,1Story,8,1634,250000,NridgHt,11428,7
474,1Fam,1Story,8,1976,440000,NridgHt,14977,7
478,1Fam,2Story,9,2643,380000,NridgHt,13693,9
481,1Fam,1Story,9,1850,326000,NridgHt,16033,8
482,1Fam,1Story,9,1792,374000,NridgHt,11846,6
512,TwnhsE,1Story,7,1368,202665,NridgHt,6792,6
516,1Fam,1Story,10,2020,402861,NridgHt,12220,9
528,1Fam,2Story,9,2713,446261,NridgHt,14948,11
553,1Fam,1Story,8,1717,255500,NridgHt,11146,7
555,1Fam,2Story,7,2046,284000,NridgHt,10625,8
568,1Fam,1Story,7,1535,214000,NridgHt,10171,7
582,1Fam,1Story,8,2042,253293,NridgHt,12704,8
592,1Fam,2Story,10,2296,451950,NridgHt,13478,10
601,1Fam,2Story,8,1904,275000,NridgHt,10927,8
619,1Fam,1Story,9,1828,314813,NridgHt,11694,9
632,Twnhs,1Story,8,1554,209500,NridgHt,4590,6
641,TwnhsE,1Story,8,1518,274000,NridgHt,12677,6
690,TwnhsE,1Story,6,1362,194700,NridgHt,7577,6
708,TwnhsE,1Story,8,1324,254000,NridgHt,6240,6
754,1Fam,2Story,8,2098,275500,NridgHt,10240,8
775,1Fam,1Story,8,1973,395000,NridgHt,14226,9
799,1Fam,2Story,9,3140,485000,NridgHt,13518,11
804,1Fam,2Story,9,2822,582933,NridgHt,13891,12
820,TwnhsE,1Story,7,1358,224000,NridgHt,6371,6
826,1Fam,1Story,10,2084,385000,NridgHt,14803,7
878,1Fam,2Story,9,2224,350000,NridgHt,8834,10
899,1Fam,1Story,9,2364,611657,NridgHt,12919,11
927,1Fam,2Story,8,2374,285000,NridgHt,11999,10
972,Twnhs,2Story,7,1626,173000,NridgHt,2268,6
988,1Fam,1Story,9,1940,395192,NridgHt,10159,8
995,1Fam,1Story,10,1718,337500,NridgHt,12456,7
1043,Twnhs,1Story,6,1306,196000,NridgHt,5381,5
1057,TwnhsE,1Story,7,1364,185850,NridgHt,7052,6
1059,1Fam,2Story,9,2184,335000,NridgHt,11308,10
1110,1Fam,1Story,8,1836,280000,NridgHt,11362,7
1116,1Fam,1Story,8,1734,318000,NridgHt,12085,7
1158,Twnhs,1Story,7,1314,230000,NridgHt,5001,6
1166,1Fam,1Story,7,1502,233170,NridgHt,9541,7
1229,TwnhsE,1Story,9,1702,367294,NridgHt,8769,7
1237,Twnhs,2Story,7,1626,175500,NridgHt,2628,6
1244,1Fam,1Story,10,2076,465000,NridgHt,13891,7
1252,TwnhsE,1Story,7,1405,171750,NridgHt,3136,6
1290,1Fam,2Story,8,1970,281000,NridgHt,11065,8
1306,1Fam,1Story,9,1652,325000,NridgHt,13173,6
1307,TwnhsE,1Story,7,1368,202500,NridgHt,6955,6
1360,1Fam,1Story,9,1980,315000,NridgHt,16737,8
1438,1Fam,1Story,8,1932,394617,NridgHt,12444,7
8,1Fam,2Story,7,2090,200000,NWAmes,10382,7
101,1Fam,1Story,6,1610,205000,NWAmes,10603,6
110,1Fam,1Story,6,1844,190000,NWAmes,11751,7
125,1Fam,1Story,6,1586,181000,NWAmes,17043,7
136,1Fam,1Story,7,1682,174000,NWAmes,10400,7
153,1Fam,2Story,6,1993,190000,NWAmes,14803,8
223,1Fam,2Story,6,1552,179900,NWAmes,11475,6
246,1Fam,1Story,7,1872,241500,NWAmes,10400,6
266,1Fam,1Story,6,1422,175500,NWAmes,12090,7
294,1Fam,2Story,7,2263,235000,NWAmes,16659,9
299,1Fam,2Story,6,1743,175000,NWAmes,11700,7
317,1Fam,2Story,7,2353,260000,NWAmes,13005,10
320,1Fam,SLvl,7,1472,187500,NWAmes,14115,6
339,1Fam,1Story,7,1621,202500,NWAmes,14145,8
365,1Fam,2Story,6,1574,190000,NWAmes,18800,6
422,1Fam,1Story,6,1602,215000,NWAmes,16635,8
456,1Fam,1Story,7,1242,175500,NWAmes,9600,6
472,1Fam,2Story,7,1969,190000,NWAmes,11952,8
488,1Fam,1Story,5,1484,175000,NWAmes,12243,7
517,1Fam,SLvl,6,2119,158000,NWAmes,10448,7
543,1Fam,1Story,7,1680,213250,NWAmes,10140,7
546,1Fam,1.5Fin,7,2183,229000,NWAmes,13837,9
612,1Fam,SLvl,6,1032,148000,NWAmes,10395,6
622,1Fam,2Story,6,2614,240000,NWAmes,10800,9
625,1Fam,2Story,6,1790,165150,NWAmes,10400,8
633,1Fam,1Story,7,1411,82500,NWAmes,11900,6
644,1Fam,2Story,5,1620,152000,NWAmes,10793,7
661,1Fam,2Story,7,1935,197900,NWAmes,12384,7
702,1Fam,1Story,7,1164,140000,NWAmes,9600,6
716,1Fam,1Story,6,1350,165000,NWAmes,10140,7
718,1Fam,1Story,5,1178,157000,NWAmes,10000,5
746,1Fam,2Story,8,2715,299800,NWAmes,8963,11
767,1Fam,2Story,7,1714,196500,NWAmes,10421,7
786,1Fam,1Story,6,1342,161500,NWAmes,9790,7
811,1Fam,1Story,6,1309,181000,NWAmes,10140,5
859,1Fam,1Story,7,1370,152000,NWAmes,10400,6
860,1Fam,2Story,6,2654,250000,NWAmes,11029,9
925,1Fam,1Story,6,1686,207500,NWAmes,10240,7
926,1Fam,1Story,5,1126,175000,NWAmes,15611,6
928,1Fam,2Story,7,1978,176000,NWAmes,9900,9
950,1Fam,1Story,6,1381,197500,NWAmes,9360,5
962,1Fam,2Story,6,2872,272000,NWAmes,12227,11
989,1Fam,2Story,6,2030,195000,NWAmes,12046,8
998,1Fam,1Story,6,1442,185000,NWAmes,11717,6
1004,Duplex,1Story,5,1680,136905,NWAmes,11500,8
1016,1Fam,2Story,8,1665,227000,NWAmes,8400,6
1042,1Fam,2Story,6,1632,173000,NWAmes,9130,7
1045,1Fam,1Story,8,2524,278000,NWAmes,9600,9
1056,1Fam,1Story,6,1523,180000,NWAmes,11361,7
1072,1Fam,2Story,6,1556,154000,NWAmes,11700,8
1081,1Fam,1Story,6,1258,145000,NWAmes,11040,5
1100,1Fam,1Story,7,1601,157000,NWAmes,11880,7
1112,1Fam,2Story,7,1964,205000,NWAmes,10480,8
1142,1Fam,2Story,5,1868,197500,NWAmes,10304,9
1160,1Fam,2Story,6,1876,185000,NWAmes,9120,8
1205,1Fam,1Story,5,1074,153500,NWAmes,10140,6
1243,1Fam,SFoyer,7,1173,170000,NWAmes,10625,6
1246,1Fam,SLvl,6,1868,178000,NWAmes,12090,7
1272,1Fam,1Story,6,1489,185750,NWAmes,9156,7
1277,1Fam,2Story,6,1395,162000,NWAmes,12936,6
1278,1Fam,SLvl,6,1724,197900,NWAmes,17871,7
1287,1Fam,1Story,6,1328,143000,NWAmes,9790,6
1294,1Fam,2Story,7,1664,162900,NWAmes,10140,8
1336,1Fam,1Story,6,1334,167900,NWAmes,9650,6
1337,Duplex,1Story,5,1656,135000,NWAmes,9246,8
1347,1Fam,1Story,7,2156,262500,NWAmes,20781,9
1356,1Fam,SLvl,7,1920,170000,NWAmes,10192,8
1387,1Fam,2Story,7,2784,250000,NWAmes,16692,12
1410,1Fam,2Story,7,2093,215000,NWAmes,20544,7
1421,1Fam,2Story,6,1416,179900,NWAmes,11700,7
1430,1Fam,1Story,6,1440,182900,NWAmes,12546,7
1440,1Fam,SLvl,7,1725,197000,NWAmes,11584,6
1457,1Fam,1Story,6,2073,210000,NWAmes,13175,7
9,1Fam,1.5Fin,7,1774,129900,OldTown,6120,8
49,2fmCon,2Story,4,1452,113000,OldTown,4456,8
64,1Fam,2Story,7,1710,140000,OldTown,10300,9
69,1Fam,1Story,4,747,80000,OldTown,4608,4
75,1Fam,2Story,3,1605,107400,OldTown,5790,8
80,1Fam,2Story,5,1230,110000,OldTown,10440,5
94,2fmCon,2.5Unf,6,2291,133900,OldTown,7200,9
107,1Fam,1Story,4,1047,100000,OldTown,10800,6
108,1Fam,1Story,5,789,115000,OldTown,6000,5
128,1Fam,1.5Unf,5,840,87000,OldTown,4388,5
155,1Fam,1Story,6,1200,125000,OldTown,11340,7
164,1Fam,1.5Unf,4,882,103200,OldTown,5500,4
165,1Fam,1Story,6,1616,152000,OldTown,5400,5
171,1Fam,1.5Fin,5,1382,128500,OldTown,12358,7
180,1Fam,1Story,5,968,100000,OldTown,8520,5
184,1Fam,1.5Fin,7,2082,200000,OldTown,11426,6
186,1Fam,2.5Fin,10,3608,475000,OldTown,22950,12
188,1Fam,1.5Fin,5,1656,135000,OldTown,10410,8
199,1Fam,2.5Fin,6,2229,104000,OldTown,5520,8
203,1Fam,1.5Fin,6,1310,112000,OldTown,7000,6
205,1Fam,1.5Fin,5,1284,110000,OldTown,3500,5
218,1Fam,2Story,4,1328,107000,OldTown,9906,8
242,1Fam,1Story,5,866,110500,OldTown,3880,4
243,1Fam,1.5Fin,5,1440,79000,OldTown,5000,6
247,2fmCon,2Story,6,1928,137000,OldTown,9142,9
260,1Fam,1Story,5,882,97000,OldTown,12702,4
264,1Fam,1.5Fin,5,1316,130000,OldTown,5500,6
265,1Fam,1Story,5,764,73000,OldTown,5232,4
305,1Fam,2.5Fin,7,3493,295000,OldTown,18386,10
313,2fmCon,1.5Fin,5,1118,119900,OldTown,7800,5
315,1Fam,2Story,7,1641,178000,OldTown,9600,6
324,1Fam,1Story,3,1163,126175,OldTown,5820,6
354,1Fam,1Story,6,720,105900,OldTown,8520,5
395,1Fam,1.5Fin,5,1034,109000,OldTown,10134,5
414,1Fam,1Story,5,1028,115000,OldTown,8960,5
426,1Fam,2Story,7,1389,135000,OldTown,3378,6
432,1Fam,1.5Fin,6,1198,79900,OldTown,5586,7
437,1Fam,1.5Fin,6,1118,116000,OldTown,4400,6
450,1Fam,1.5Fin,3,1183,120000,OldTown,6000,6
451,1Fam,1Story,6,813,110000,OldTown,5684,5
457,1Fam,2Story,5,1344,98000,OldTown,4571,7
459,1Fam,2Story,8,1666,161000,OldTown,5100,7
480,1Fam,1Story,4,1131,89471,OldTown,5925,7
483,1Fam,2Story,7,1826,155000,OldTown,2500,7
489,2fmCon,1.5Fin,5,2414,160000,OldTown,10800,10
495,1Fam,1Story,5,886,91300,OldTown,5784,4
506,Duplex,2Story,5,1960,124500,OldTown,7596,10
509,1Fam,2Story,7,1378,161000,OldTown,9600,7
521,2fmCon,2Story,4,1294,106250,OldTown,10800,7
549,1Fam,1Story,5,825,125000,OldTown,8235,4
552,1Fam,1Story,5,928,112500,OldTown,6000,5
580,1Fam,1.5Fin,5,1795,131500,OldTown,12150,7
584,1Fam,2.5Unf,10,2775,325000,OldTown,13500,9
597,1Fam,2Story,6,1368,114504,OldTown,3600,7
631,1Fam,2Story,5,1750,124000,OldTown,9000,8
635,Duplex,SFoyer,6,1056,144000,OldTown,6979,4
638,2fmCon,1.5Fin,5,1387,93000,OldTown,6000,7
677,1Fam,2Story,4,1774,87000,OldTown,9600,8
678,1Fam,1Story,5,792,109500,OldTown,9022,5
694,1Fam,1Story,5,1073,108480,OldTown,5400,4
704,2fmCon,2Story,5,1812,140000,OldTown,7630,8
717,1Fam,2Story,7,2554,159500,OldTown,10800,8
736,1Fam,2.5Unf,7,1768,163000,OldTown,10800,6
741,1Fam,2Story,5,1432,132000,OldTown,9600,7
748,1Fam,2Story,7,2640,265979,OldTown,11700,8
751,1Fam,1.5Fin,4,1140,96500,OldTown,8800,7
785,1Fam,2.5Unf,6,1484,128000,OldTown,6300,9
787,1Fam,1.5Fin,5,1652,139000,OldTown,10800,7
789,1Fam,1Story,4,901,107900,OldTown,6000,4
810,1Fam,2.5Unf,5,2138,106000,OldTown,8100,11
822,2fmCon,1Story,4,936,93000,OldTown,6000,4
837,1Fam,1Story,5,1559,153500,OldTown,8100,5
842,1Fam,2Story,5,1539,157500,OldTown,10440,8
845,1Fam,1.5Fin,5,1416,153900,OldTown,12665,7
875,1Fam,1.5Fin,5,1131,66500,OldTown,5720,5
946,1Fam,1.5Fin,5,1869,124900,OldTown,8820,7
969,1Fam,1.5Fin,3,968,37900,OldTown,5925,6
987,1Fam,1.5Fin,6,1635,117000,OldTown,5310,5
992,1Fam,2Story,8,1742,168000,OldTown,17671,8
1002,1Fam,1Story,5,691,86000,OldTown,5400,4
1014,1Fam,1Story,5,1022,85000,OldTown,7200,4
1023,1Fam,1.5Fin,5,1248,87000,OldTown,9439,6
1063,2fmCon,2Story,5,2337,90000,OldTown,13600,10
1064,1Fam,1Story,6,1103,110500,OldTown,6000,5
1077,1Fam,1.5Fin,5,1466,170000,OldTown,10800,7
1115,1Fam,1Story,5,833,117000,OldTown,5400,4
1130,Duplex,SFoyer,5,936,140000,OldTown,7200,4
1133,1Fam,2Story,6,2210,117500,OldTown,9900,8
1149,1Fam,1.5Fin,7,1111,116900,OldTown,5700,5
1150,1Fam,2Story,7,1482,143000,OldTown,9000,7
1178,1Fam,1.5Fin,6,1224,115000,OldTown,3950,5
1184,1Fam,1Story,5,1130,120000,OldTown,10800,5
1187,2fmCon,2Story,3,1699,95000,OldTown,10615,7
1193,1Fam,1.5Fin,5,1472,125000,OldTown,9600,6
1198,1Fam,2.5Unf,7,1690,144000,OldTown,8850,7
1249,1Fam,2.5Unf,6,2058,129500,OldTown,9600,8
1267,2fmCon,2.5Unf,7,1889,122000,OldTown,10120,9
1293,1Fam,2Story,5,2372,107500,OldTown,6600,11
1309,1Fam,1Story,5,1122,147000,OldTown,12000,6
1329,1Fam,1.5Fin,6,2792,256000,OldTown,10440,8
1338,1Fam,1Story,4,693,52500,OldTown,4118,4
1346,1Fam,1Story,4,960,108500,OldTown,6000,5
1350,1Fam,2Story,8,2358,122000,OldTown,5250,8
1371,1Fam,1.5Fin,4,1374,105000,OldTown,5400,6
1383,1Fam,2Story,7,1762,157000,OldTown,7200,8
1388,1Fam,1.5Fin,6,2526,136000,OldTown,8520,10
1394,2fmCon,1.5Fin,6,1912,163000,OldTown,10800,7
1405,1Fam,1.5Fin,3,1214,105000,OldTown,10410,6
1409,1Fam,2Story,4,1363,125500,OldTown,7740,6
1417,2fmCon,2Story,4,2290,122500,OldTown,11340,11
1429,1Fam,1Story,5,804,119000,OldTown,7200,4
1433,1Fam,1Story,4,968,64500,OldTown,10800,5
1439,1Fam,1Story,6,1236,149700,OldTown,7407,6
11,1Fam,1Story,5,1040,129500,Sawyer,11200,5
13,1Fam,1Story,5,912,144000,Sawyer,12968,4
18,Duplex,1Story,4,1296,90000,Sawyer,10791,6
25,1Fam,1Story,5,1060,154000,Sawyer,8246,6
32,1Fam,1Story,5,1228,149350,Sawyer,8544,6
50,1Fam,1Story,5,955,127000,Sawyer,7742,6
79,Duplex,1Story,4,1768,136500,Sawyer,10778,8
117,1Fam,1Story,5,1092,139000,Sawyer,11616,6
135,1Fam,1Story,5,1721,180000,Sawyer,10335,7
145,Duplex,1Story,5,1728,125000,Sawyer,9100,10
178,1Fam,1.5Fin,5,1920,172500,Sawyer,13650,8
207,1Fam,1Story,5,1696,143900,Sawyer,13673,8
229,1Fam,1Story,5,912,125000,Sawyer,8521,5
263,1Fam,SLvl,6,1212,151000,Sawyer,8471,6
289,1Fam,1Story,5,900,122000,Sawyer,9819,5
403,1Fam,1Story,5,672,108000,Sawyer,10200,4
406,1Fam,1Story,4,1620,150000,Sawyer,9991,8
417,1Fam,2Story,6,1400,149500,Sawyer,7844,6
463,1Fam,1Story,5,864,62383,Sawyer,8281,5
476,1Fam,1Story,5,970,132500,Sawyer,8480,5
485,1Fam,1Story,5,999,132500,Sawyer,7758,6
499,1Fam,1Story,5,899,130000,Sawyer,7800,5
539,1Fam,1Story,5,1159,158000,Sawyer,11553,7
561,1Fam,1Story,5,1392,121500,Sawyer,11341,5
578,1Fam,SLvl,5,1320,164500,Sawyer,11777,6
588,1Fam,SFoyer,5,860,137000,Sawyer,8740,4
610,1Fam,1Story,4,1029,118500,Sawyer,7943,5
623,1Fam,1Story,5,980,135000,Sawyer,7064,6
669,1Fam,1Story,5,1437,168000,Sawyer,14175,6
680,1Fam,1Story,5,988,128500,Sawyer,9945,5
699,1Fam,1Story,5,894,138500,Sawyer,8450,5
710,1Fam,1Story,5,904,109900,Sawyer,7162,6
715,1Fam,2Story,6,1479,130500,Sawyer,13517,6
734,1Fam,1Story,5,1144,131400,Sawyer,10000,6
735,1Fam,1Story,5,948,108000,Sawyer,8978,6
742,1Fam,1Story,6,912,142000,Sawyer,6768,5
744,1Fam,SLvl,5,1464,175000,Sawyer,12886,6
758,1Fam,2Story,6,1386,158900,Sawyer,11616,6
771,1Fam,SFoyer,5,858,134900,Sawyer,7252,5
778,1Fam,1Story,5,894,142500,Sawyer,13350,5
797,1Fam,1Story,6,1285,143500,Sawyer,8197,7
836,1Fam,1Story,4,1067,128000,Sawyer,9600,4
846,1Fam,SFoyer,5,1701,171000,Sawyer,16647,6
855,1Fam,1Story,5,1779,170000,Sawyer,17920,6
856,1Fam,1Story,5,1040,127000,Sawyer,6897,6
862,2fmCon,1Story,5,1039,131500,Sawyer,11625,6
868,1Fam,1Story,4,1120,129000,Sawyer,6970,5
879,1Fam,SFoyer,5,1155,148000,Sawyer,11782,6
892,1Fam,2Story,6,1683,172500,Sawyer,11184,7
893,1Fam,1Story,6,1068,154500,Sawyer,8414,6
894,1Fam,1Story,5,1383,165000,Sawyer,13284,6
900,1Fam,1Story,5,1236,135000,Sawyer,6993,6
905,1Fam,1Story,5,902,125500,Sawyer,6173,6
958,1Fam,1Story,5,1057,132000,Sawyer,7420,6
980,1Fam,1Story,5,1121,139000,Sawyer,8816,5
1011,1Fam,1.5Fin,5,1271,135000,Sawyer,21286,7
1041,1Fam,1Story,5,1803,155000,Sawyer,13125,8
1082,1Fam,1Story,5,1040,133000,Sawyer,7500,5
1118,1Fam,1Story,5,894,130000,Sawyer,9764,5
1119,1Fam,SLvl,5,1601,140000,Sawyer,13825,6
1138,1Fam,1.5Fin,5,1020,94000,Sawyer,6342,6
1144,1Fam,1Story,5,1006,80000,Sawyer,9000,5
1163,1Fam,1Story,5,894,129000,Sawyer,8724,5
1164,Duplex,SFoyer,4,1258,108959,Sawyer,12900,6
1195,1Fam,2Story,6,1352,158000,Sawyer,9364,7
1200,1Fam,1Story,4,1382,148000,Sawyer,11235,6
1214,1Fam,SLvl,4,960,145000,Sawyer,10246,3
1216,1Fam,1Story,5,894,125000,Sawyer,7094,5
1217,Duplex,1.5Fin,6,1902,112000,Sawyer,8930,8
1222,1Fam,1Story,5,1211,134000,Sawyer,8250,5
1231,Duplex,1.5Fin,5,2620,190000,Sawyer,18890,12
1273,1Fam,1Story,5,935,137000,Sawyer,13526,5
1384,1Fam,1Story,5,1416,112000,Sawyer,25339,7
1446,1Fam,SFoyer,6,913,129000,Sawyer,8400,6
19,1Fam,1Story,5,1114,159000,SawyerW,13695,6
43,1Fam,SFoyer,5,884,144000,SawyerW,9180,5
61,1Fam,1Story,6,1158,158000,SawyerW,13072,5
102,1Fam,2Story,6,1732,178000,SawyerW,9206,7
103,Duplex,1Story,5,1535,118964,SawyerW,7018,8
119,1Fam,2Story,7,3222,320000,SawyerW,12376,11
124,TwnhsE,1Story,6,1199,153900,SawyerW,7892,5
149,1Fam,1Story,7,1080,141000,SawyerW,7500,6
189,Duplex,SFoyer,5,1224,153337,SawyerW,7018,6
209,1Fam,2Story,7,2062,277000,SawyerW,14364,7
238,1Fam,2Story,7,1744,194500,SawyerW,9453,7
244,TwnhsE,2Story,6,1217,120000,SawyerW,10762,6
245,1Fam,2Story,7,2110,205000,SawyerW,8880,8
253,1Fam,2Story,6,1640,173000,SawyerW,8366,6
281,1Fam,2Story,7,1982,228500,SawyerW,11287,7
285,TwnhsE,1Story,6,1575,179200,SawyerW,8012,5
307,1Fam,2Story,7,2243,225000,SawyerW,13474,8
323,1Fam,2Story,7,2730,301000,SawyerW,10380,8
342,1Fam,1Story,4,841,82000,SawyerW,8400,4
373,TwnhsE,1Story,6,752,125000,SawyerW,7175,4
384,1Fam,1.5Unf,6,784,76000,SawyerW,9000,5
415,1Fam,2Story,7,2097,228000,SawyerW,11228,9
427,1Fam,SLvl,7,1644,275000,SawyerW,12800,5
470,1Fam,2Story,6,1710,187000,SawyerW,9291,7
507,1Fam,2Story,8,1911,215000,SawyerW,9554,8
569,1Fam,1.5Fin,8,2132,316600,SawyerW,12327,5
603,1Fam,2Story,8,1915,220000,SawyerW,10041,8
668,1Fam,1Story,6,1679,193500,SawyerW,8125,7
681,TwnhsE,1Story,6,923,143000,SawyerW,8012,5
743,1Fam,1Story,7,1349,179000,SawyerW,8450,6
779,Duplex,1Story,5,2020,144000,SawyerW,8400,10
782,1Fam,2Story,6,1603,175900,SawyerW,7153,7
788,1Fam,2Story,7,2084,233000,SawyerW,10142,8
796,1Fam,2Story,6,1564,171000,SawyerW,8400,7
828,1Fam,1Story,7,1434,189000,SawyerW,8529,6
847,1Fam,2Story,7,1775,213000,SawyerW,9317,7
863,1Fam,1Story,6,1097,152000,SawyerW,9672,6
870,1Fam,2Story,7,1949,236000,SawyerW,9938,8
895,Duplex,1Story,5,1535,118858,SawyerW,7018,8
898,Duplex,2Story,5,2240,142953,SawyerW,7018,12
919,1Fam,2Story,7,2127,238000,SawyerW,13125,8
921,1Fam,2Story,6,1721,201000,SawyerW,8462,7
924,TwnhsE,1Story,6,1617,193000,SawyerW,8012,5
937,1Fam,1Story,7,1200,184900,SawyerW,10083,5
952,1Fam,1Story,5,965,119900,SawyerW,7800,6
973,TwnhsE,1Story,6,918,99500,SawyerW,7892,5
1044,1Fam,2Story,7,2329,262280,SawyerW,11839,10
1086,1Fam,SFoyer,6,996,147000,SawyerW,9069,5
1107,1Fam,1Story,7,1442,179900,SawyerW,10357,6
1134,1Fam,2Story,8,2020,239500,SawyerW,9828,8
1147,1Fam,1Story,6,1298,180000,SawyerW,11200,5
1206,1Fam,1Story,7,2196,271900,SawyerW,14684,7
1207,1Fam,1Story,4,1056,107000,SawyerW,8900,5
1211,1Fam,2Story,6,1845,189000,SawyerW,11218,8
1239,1Fam,1Story,6,1141,142500,SawyerW,13072,6
1310,1Fam,1Story,6,1294,179200,SawyerW,7153,6
1342,1Fam,1Story,6,1114,155000,SawyerW,13695,6
1349,1Fam,1Story,7,1494,215000,SawyerW,16196,5
1414,1Fam,1Story,8,1844,257000,SawyerW,10994,7
7,1Fam,1Story,8,1694,307000,Somerst,10084,7
48,1Fam,1Story,8,1656,249700,Somerst,11096,7
57,Twnhs,2Story,8,1739,172500,Somerst,2645,7
83,1Fam,1Story,8,1563,245000,Somerst,10206,6
88,TwnhsE,2Story,6,1224,164500,Somerst,3951,4
106,1Fam,2Story,8,1992,250000,Somerst,9375,9
116,TwnhsE,2Story,6,1458,176000,Somerst,3230,5
159,1Fam,2Story,7,1947,254900,Somerst,12552,8
181,Twnhs,2Story,6,1525,177000,Somerst,2117,5
197,1Fam,1Story,7,1726,311872,Somerst,9416,8
213,1Fam,2Story,7,1852,252678,Somerst,8640,7
241,1Fam,1Story,8,1566,262500,Somerst,9000,7
257,1Fam,2Story,6,1728,207500,Somerst,8791,7
271,1Fam,2Story,8,1939,266000,Somerst,10728,8
282,1Fam,1Story,6,1262,185000,Somerst,7200,5
284,1Fam,1Story,8,1468,244600,Somerst,9612,6
286,TwnhsE,2Story,7,1250,164700,Somerst,4251,5
298,1Fam,2Story,7,1950,239000,Somerst,7399,7
318,1Fam,2Story,8,1959,270000,Somerst,9000,8
378,1Fam,2Story,8,2466,340000,Somerst,11143,8
382,1Fam,1Story,7,1301,187750,Somerst,7200,5
400,1Fam,2Story,7,1550,241000,Somerst,8125,7
410,1Fam,2Story,8,2078,339750,Somerst,10800,8
413,1Fam,1Story,7,1478,222000,Somerst,4403,7
454,1Fam,2Story,8,1590,210000,Somerst,9000,6
461,1Fam,2Story,8,1935,263435,Somerst,8004,8
502,1Fam,2Story,7,1768,226700,Somerst,9803,7
508,1Fam,1Story,6,1218,208300,Somerst,7862,4
526,1Fam,1Story,7,1266,176000,Somerst,7500,6
550,1Fam,2Story,7,2094,263000,Somerst,9375,8
579,TwnhsE,2Story,7,1392,146000,Somerst,3604,5
604,TwnhsE,2Story,7,1200,151000,Somerst,3182,4
624,TwnhsE,2Story,6,1512,168500,Somerst,2117,4
642,1Fam,2Story,7,1929,226000,Somerst,7050,7
645,1Fam,1Story,9,1766,370878,Somerst,9187,7
651,1Fam,2Story,7,1665,205950,Somerst,8125,7
665,1Fam,1Story,8,2097,423000,Somerst,20896,8
687,1Fam,2Story,7,1761,227875,Somerst,10207,7
688,TwnhsE,2Story,7,1102,148800,Somerst,5105,4
700,TwnhsE,1Story,7,1391,196000,Somerst,4282,5
756,TwnhsE,2Story,6,1471,172500,Somerst,3230,6
759,Twnhs,2Story,7,1501,179400,Somerst,2280,6
763,1Fam,2Story,7,1547,215200,Somerst,8640,7
766,1Fam,1Story,9,1506,264132,Somerst,14587,6
794,1Fam,1Story,8,1496,225000,Somerst,9158,7
806,1Fam,1Story,7,1428,227680,Somerst,12274,6
825,1Fam,1Story,8,1489,232600,Somerst,11216,7
830,Twnhs,2Story,7,1223,147400,Somerst,2544,4
832,TwnhsE,2Story,7,1200,151000,Somerst,3180,4
865,1Fam,1Story,7,1372,250580,Somerst,8640,6
876,1Fam,2Story,8,2610,303477,Somerst,9000,11
886,TwnhsE,1Story,9,1709,328900,Somerst,5119,5
907,1Fam,1Story,8,1636,255000,Somerst,13501,8
915,TwnhsE,2Story,6,1224,173733,Somerst,3000,4
933,1Fam,1Story,9,1905,320000,Somerst,11670,8
938,1Fam,2Story,7,1971,253000,Somerst,9675,8
960,Twnhs,2Story,7,1416,155000,Somerst,2572,6
974,1Fam,1Story,7,1428,182000,Somerst,11639,6
976,Twnhs,2Story,7,1382,165000,Somerst,2651,6
978,TwnhsE,1Story,7,1241,199900,Somerst,4274,4
990,1Fam,2Story,7,1576,197000,Somerst,8125,6
1003,1Fam,1Story,8,1574,232000,Somerst,11957,7
1088,1Fam,2Story,8,1953,252000,Somerst,10574,9
1090,TwnhsE,1Story,8,1247,197000,Somerst,3316,4
1092,Twnhs,2Story,7,1252,160000,Somerst,2160,4
1159,1Fam,1Story,8,1580,235128,Somerst,11932,7
1173,TwnhsE,2Story,7,1250,171900,Somerst,4017,5
1192,Twnhs,2Story,8,1441,174000,Somerst,2645,5
1210,1Fam,1Story,8,1660,290000,Somerst,10182,8
1218,1Fam,1Story,8,1314,229456,Somerst,8640,6
1227,1Fam,2Story,6,1933,214000,Somerst,14598,9
1242,1Fam,1Story,7,1689,248328,Somerst,9849,7
1247,1Fam,2Story,7,1553,186500,Somerst,8125,6
1266,TwnhsE,2Story,7,1452,183900,Somerst,3735,6
1304,1Fam,1Story,7,1616,232000,Somerst,8688,7
1318,TwnhsE,1Story,7,1352,208900,Somerst,4230,5
1325,1Fam,1Story,8,1795,147000,Somerst,9986,7
1331,1Fam,1Story,8,1588,227000,Somerst,10000,7
1359,Twnhs,2Story,6,1573,177500,Somerst,2117,5
1365,TwnhsE,2Story,7,1200,144152,Somerst,3180,4
1366,1Fam,2Story,7,1674,216000,Somerst,7500,7
1375,1Fam,2Story,7,1958,250000,Somerst,10625,9
1404,1Fam,1Story,8,1464,282922,Somerst,15256,6
1443,1Fam,2Story,10,2007,310000,Somerst,11003,10
1452,1Fam,1Story,8,1578,287090,Somerst,9262,7
1455,1Fam,1Story,7,1221,185000,Somerst,7500,6
59,1Fam,2Story,10,2945,438780,StoneBr,13682,10
173,TwnhsE,2Story,7,1767,239000,StoneBr,5306,5
179,1Fam,1Story,9,2234,501837,StoneBr,17423,9
190,TwnhsE,1Story,8,1593,286000,StoneBr,4923,5
337,1Fam,1Story,9,1922,377426,StoneBr,14157,8
379,1Fam,1Story,9,1856,394432,StoneBr,11394,8
471,TwnhsE,1Story,8,1502,212000,StoneBr,6820,4
475,TwnhsE,1Story,8,1652,251000,StoneBr,5330,6
567,1Fam,2Story,9,2504,325000,StoneBr,11198,11
596,1Fam,1Story,8,1826,319000,StoneBr,11302,7
679,1Fam,1Story,8,2046,372500,StoneBr,11844,7
686,TwnhsE,2Story,7,2090,207500,StoneBr,5062,6
689,1Fam,1Story,8,1419,392000,StoneBr,8089,7
703,1Fam,2Story,8,2576,361919,StoneBr,12438,10
713,TwnhsE,1Story,8,1228,189000,StoneBr,4671,5
721,1Fam,1Story,8,1742,275000,StoneBr,6563,5
731,TwnhsE,1Story,8,1616,236500,StoneBr,5389,5
745,TwnhsE,1Story,8,1337,180000,StoneBr,5395,5
770,1Fam,2Story,8,3279,538000,StoneBr,53504,12
1018,TwnhsE,1Story,8,1360,187500,StoneBr,5814,4
1047,1Fam,2Story,9,2868,556581,StoneBr,16056,11
1061,TwnhsE,1Story,8,1338,213500,StoneBr,4920,6
1098,TwnhsE,1Story,8,1088,170000,StoneBr,3696,5
1289,TwnhsE,1Story,8,1659,278000,StoneBr,5664,5
1362,1Fam,1Story,7,1530,260000,StoneBr,16158,7
268,1Fam,2.5Fin,5,2192,179500,SWISU,8400,8
292,2fmCon,2Story,5,1716,135900,SWISU,5687,9
355,1Fam,1.5Fin,6,1595,140000,SWISU,8400,6
381,1Fam,1.5Fin,5,1691,127000,SWISU,5000,6
407,1Fam,1.5Fin,6,1639,115000,SWISU,10480,6
462,1Fam,2Story,7,1135,155000,SWISU,7200,6
566,1Fam,2Story,6,1647,128000,SWISU,6858,6
577,1Fam,1.5Fin,7,1477,145000,SWISU,6292,6
636,2fmCon,2.5Fin,6,3395,200000,SWISU,10896,14
682,1Fam,1.5Fin,5,1520,159434,SWISU,4500,6
800,1Fam,1.5Fin,5,1768,175000,SWISU,7200,7
824,1Fam,1.5Fin,6,1489,139500,SWISU,9900,7
841,1Fam,2Story,6,1482,140000,SWISU,12155,7
884,1Fam,2.5Fin,4,2230,118500,SWISU,6204,10
1010,1Fam,1.5Fin,5,1522,102000,SWISU,6000,7
1031,2fmCon,2Story,5,1928,160000,SWISU,7082,10
1032,1Fam,2.5Fin,7,3082,197000,SWISU,15863,12
1093,1Fam,1.5Fin,6,1694,136500,SWISU,8400,7
1101,1Fam,1Story,2,438,60000,SWISU,8400,3
1131,1Fam,1.5Fin,4,1981,135000,SWISU,7804,7
1235,1Fam,2Story,5,1964,130000,SWISU,8525,7
1285,1Fam,1.5Fin,6,2447,169000,SWISU,9638,10
1361,1Fam,2Story,5,2601,189000,SWISU,9842,8
1377,1Fam,1Story,6,790,91000,SWISU,6292,4
1400,1Fam,1.5Fin,6,1608,137450,SWISU,6171,7
42,1Fam,1Story,5,1328,170000,Timber,16905,5
134,1Fam,1Story,8,1296,220000,Timber,6853,6
158,1Fam,2Story,8,1968,269500,Timber,12003,8
170,1Fam,1Story,8,1707,228000,Timber,16669,6
175,1Fam,1Story,6,1651,184000,Timber,12416,7
314,1Fam,1Story,7,2036,375000,Timber,215245,8
336,2fmCon,1.5Fin,5,1786,228950,Timber,164660,7
341,1Fam,2Story,8,1908,202900,Timber,14191,9
430,1Fam,1Story,6,1412,175000,Timber,11457,6
453,1Fam,2Story,6,1756,204000,Timber,9303,7
531,1Fam,SLvl,6,1509,175000,Timber,10200,5
541,1Fam,1Story,9,1838,315000,Timber,14601,8
573,1Fam,2Story,7,1692,224500,Timber,13159,6
586,1Fam,1Story,8,2028,369900,Timber,11443,7
620,1Fam,2Story,8,2262,305000,Timber,12244,10
693,1Fam,2Story,7,2519,335000,Timber,26178,9
696,1Fam,1Story,6,1137,176000,Timber,13811,5
701,1Fam,1Story,8,1800,312500,Timber,14331,7
732,1Fam,SLvl,7,1146,187500,Timber,9590,6
867,1Fam,1Story,8,1646,248900,Timber,10656,6
882,1Fam,1.5Fin,7,1717,187500,Timber,13758,7
931,1Fam,1Story,8,1466,201000,Timber,8925,7
945,1Fam,SLvl,6,1344,137500,Timber,14375,7
948,1Fam,1Story,8,1629,270000,Timber,14536,9
965,1Fam,2Story,7,1894,214900,Timber,11316,8
1025,1Fam,1Story,8,2898,287000,Timber,15498,10
1028,1Fam,1Story,8,1646,293077,Timber,9520,7
1037,1Fam,1Story,9,1620,315500,Timber,12898,6
1181,1Fam,2Story,7,2514,250000,Timber,11170,8
1185,1Fam,1Story,5,1572,186700,Timber,35133,5
1240,1Fam,1Story,8,1484,265900,Timber,9037,6
1268,1Fam,1Story,9,2018,378500,Timber,13214,10
1282,1Fam,1Story,7,1339,180000,Timber,8049,6
1348,1Fam,1Story,8,1776,283463,Timber,15306,7
1376,1Fam,1Story,8,1571,239000,Timber,10991,7
1380,1Fam,SLvl,5,1394,167500,Timber,9735,7
1396,1Fam,2Story,8,2482,281213,Timber,12665,9
1397,1Fam,1Story,5,1687,160000,Timber,57200,7
2,1Fam,1Story,6,1262,181500,Veenker,9600,6
54,1Fam,1Story,9,1842,385000,Veenker,50271,5
161,1Fam,1Story,6,1232,162500,Veenker,11120,6
327,TwnhsE,1Story,8,1719,324000,Veenker,10846,6
401,TwnhsE,1Story,8,1288,245500,Veenker,14963,4
673,1Fam,1Story,6,1208,165000,Veenker,11250,6
765,TwnhsE,1Story,8,1494,270000,Veenker,9549,6
850,1Fam,SLvl,6,1855,187000,Veenker,9600,7
1156,1Fam,1Story,5,1437,218000,Veenker,10768,6
1165,1Fam,SLvl,5,1432,194000,Veenker,16157,5
1254,1Fam,2Story,7,2167,294000,Veenker,17542,9
